SiteID,Site_Description_Cap,Site_Description_Lower,Region,Lat,Long,Site_Type
1,ABBEY ST @ MARLBOROUGH ST (LUAS),abbey st @ marlborough st (luas),CCITY,53.348754,-6.257607,SCATS Site
2,AMIENS ST @ SEVILLE PL,amiens st @ seville pl,CCITY,53.354711,-6.246679,SCATS Site
3,AMIENS ST @ TALBOT ST,amiens st @ talbot st,CCITY,53.351374,-6.250073,SCATS Site
4,ANNESLEY PL @ POPLAR ROW,annesley pl @ poplar row,NCITY,53.361145,-6.240513,SCATS Site
5,NCR @ AUGHRIM ST,ncr @ aughrim st,WCITY1,53.355797,-6.292406,SCATS Site
6,BAGGOT ST BRIDGE,baggot st bridge,SCITY,53.334055,-6.245199,SCATS Site
7,BAGGOT ST @ FITZWILLIAM ST,baggot st @ fitzwilliam st,SCITY,53.336815,-6.249116,SCATS Site
8,BAGGOT ST @ WATERLOO RD,baggot st @ waterloo rd,SCITY,53.333171,-6.243319,SCATS Site
9,BALLYBOUGH RD @ CLONLIFFE RD (LUKE KELLY BR),ballybough rd @ clonliffe rd (luke kelly br),NCITY,53.361367,-6.242793,SCATS Site
10,BALLYGALL RD WEST @ CLUNE RD,ballygall rd west @ clune rd,NCITY,53.38977512,-6.293530902,SCATS Site
11,BALLYMUN RD @ GLASNEVIN AV,ballymun rd @ glasnevin av,NCITY,53.38912341,-6.264819292,SCATS Site
12,BALLYMUN RD @ GRIFFITH AV,ballymun rd @ griffith av,NCITY,53.378896,-6.266859,SCATS Site
13,BALLYMUN RD @ ST PAPPINS RD,ballymun rd @ st pappins rd,NCITY,53.385948,-6.265175,SCATS Site
14,BATH ST @ BEACH RD / DOCK RD,bath st @ beach rd / dock rd,SCITY,53.33773396,-6.219956537,SCATS Site
15,BEAUMONT RD @ SHANTALLA RD,beaumont rd @ shantalla rd,NCITY,53.385381,-6.233328,SCATS Site
17,BERESFORD PL @ EDEN QUAY,beresford pl @ eden quay,CCITY,53.34823832,-6.254945771,SCATS Site
18,NCR @ BERKELEY RD,ncr @ berkeley rd,NCITY,53.36054415,-6.269639,SCATS Site
19,BLACKHALL PL @ BENBURB ST (LUAS),blackhall pl @ benburb st (luas),CCITY,53.34738731,-6.282360635,SCATS Site
20,BLACKHALL PL @ NORTH KING ST,blackhall pl @ north king st,CCITY,53.350022,-6.281693,SCATS Site
21,CAPEL ST @ BOLTON ST,capel st @ bolton st,NCITY,53.351066,-6.270081,SCATS Site
22,KEVIN ST @ BRIDE ST,kevin st @ bride st,SCITY,53.338178,-6.269269,SCATS Site
23,CABRA RD @ ANNAMOE TCE,cabra rd @ annamoe tce,WCITY1,53.36116,-6.286128,SCATS Site
24,CAMDEN ST @ CHARLOTTE ST,camden st @ charlotte st,SCITY,53.33363351,-6.2650364,SCATS Site
25,CAMDEN ST @ HARCOURT RD (KELLYS CORNER),camden st @ harcourt rd (kellys corner),SCITY,53.332574,-6.264879,SCATS Site
26,CAPEL ST BRIDGE,capel st bridge,CCITY,53.345694,-6.267771,SCATS Site
27,CAPPAGH RD @ CARDIFFSBRIDGE RD,cappagh rd @ cardiffsbridge rd,NCITY,53.389159,-6.312446,SCATS Site
29,CATHAL BRUGHA ST @ MARLBORO ST,cathal brugha st @ marlboro st,CCITY,53.352363,-6.259162,SCATS Site
30,CHAPELIZOD RD @ BALLYFERMOT HILL,chapelizod rd @ ballyfermot hill,WCITY1,53.3478176,-6.346206317,SCATS Site
31,CHAPELIZOD RD @ MARTINS ROW,chapelizod rd @ martins row,WCITY1,53.348321,-6.342702,SCATS Site
32,BOTANIC RD @ MOBHI RD / FAIRFIELD RD,botanic rd @ mobhi rd / fairfield rd,NCITY,53.370333,-6.268485,SCATS Site
33,CHARLEMONT ST @ GRAND PARADE,charlemont st @ grand parade,SCITY,53.33036,-6.260034,SCATS Site
34,HARCOURT RD @ HARCOURT ST/CHARLEMONT ST (LUAS),harcourt rd @ harcourt st/charlemont st (luas),SCITY,53.33275053,-6.262871769,SCATS Site
35,NICHOLAS ST @ CHRISTCHURCH PL,nicholas st @ christchurch pl,SCITY,53.342866,-6.271874,SCATS Site
36,CHURCH ST @ KING ST NORTH,church st @ king st north,CCITY,53.350115,-6.274547,SCATS Site
37,CHURCH ST BRIDGE,church st bridge,CCITY,53.345614,-6.275764,SCATS Site
38,SCR @ CLANBRASSIL ST (LEONARDS CORNER),scr @ clanbrassil st (leonards corner),SCITY,53.33223388,-6.275230456,SCATS Site
39,CLARE ST @ MERRION SQ,clare st @ merrion sq,CCITY,53.341155,-6.250742,SCATS Site
40,CLONLIFFE RD @ JONES RD,clonliffe rd @ jones rd,NCITY,53.362621,-6.252298,SCATS Site
41,CLONTARF RD @ CASTLE AVE,clontarf rd @ castle ave,NCITY,53.360331,-6.20969,SCATS Site
42,CONCOLBERT RD @ MEMORIAL PARK RD,concolbert rd @ memorial park rd,WCITY1,53.34282151,-6.316897682,SCATS Site
43,COLLINS AV @ GRACE PARK RD,collins av @ grace park rd,NCITY,53.3810861,-6.2392187,SCATS Site
44,CONSTITUTION HILL @ WESTERN WAY,constitution hill @ western way,NCITY,53.354362,-6.273197,SCATS Site
45,SCR @ CONYNGHAM RD,scr @ conyngham rd,WCITY1,53.348265,-6.30847,SCATS Site
46,CRUMLIN RD @ DOLPHINS BARN BRIDGE,crumlin rd @ dolphins barn bridge,SCITY,53.33204294,-6.293480478,SCATS Site
47,CRUMLIN RD @ SUNDRIVE RD,crumlin rd @ sundrive rd,WCITY1,53.33015,-6.298166,SCATS Site
48,DAME ST @ PARLIAMENT,dame st @ parliament,CCITY,53.344118,-6.26722,SCATS Site
49,DAME ST @ GEORGES ST,dame st @ georges st,CCITY,53.344169,-6.264473,SCATS Site
50,DAME ST @ TRINITY ST,dame st @ trinity st,CCITY,53.34424291,-6.262293315,SCATS Site
51,DARTRY RD @ ORWELL PK,dartry rd @ orwell pk,WCITY1,53.30913765,-6.260753211,SCATS Site
52,DARTRY RD @ TEMPLE RD,dartry rd @ temple rd,SCITY,53.3111686,-6.2623423,SCATS Site
53,HERBERTON RD @ DOLPHIN RD,herberton rd @ dolphin rd,SCITY,53.33373167,-6.298584236,SCATS Site
54,SCR @ DOLPHIN'S BARN,scr @ dolphin's barn,SCITY,53.333527,-6.291346,SCATS Site
55,DORSET ST @ BELVIDERE RD,dorset st @ belvidere rd,NCITY,53.36070892,-6.260336307,SCATS Site
56,DORSET ST @ DOMINICK ST,dorset st @ dominick st,CCITY,53.35293,-6.26834,SCATS Site
57,DORSET ST @ ECCLES ST,dorset st @ eccles st,NCITY,53.357511,-6.263842,SCATS Site
58,DORSET ST / FREDERICK ST / BLESSINGTON ST,dorset st / frederick st / blessington st,NCITY,53.356051,-6.265229,SCATS Site
59,DORSET ST @ GARDINER ST,dorset st @ gardiner st,NCITY,53.359011,-6.261967,SCATS Site
60,DORSET ST @ GRANBY ROW & PED AT PARNELL SQ,dorset st @ granby row & ped at parnell sq,NCITY,53.35423,-6.266954,SCATS Site
61,DORSET ST @ NORTH CIRCULAR RD,dorset st @ north circular rd,NCITY,53.359794,-6.26129,SCATS Site
62,DRIMNAGH RD @ WALKINSTOWN RD,drimnagh rd @ walkinstown rd,WCITY1,53.324027,-6.328007,SCATS Site
63,DRUMCONDRA RD @ CLONLIFFE RD,drumcondra rd @ clonliffe rd,NCITY,53.36338899,-6.25783264,SCATS Site
64,SWORDS RD @ GRIFFITH AV,swords rd @ griffith av,NCITY,53.37582125,-6.250365897,SCATS Site
65,DRUMCONDRA RD @ HOME FARM RD,drumcondra rd @ home farm rd,NCITY,53.373441,-6.252043,SCATS Site
66,DRUMCONDRA RD @ RICHMOND RD,drumcondra rd @ richmond rd,NCITY,53.36873,-6.255011,SCATS Site
67,DRUMCONDRA RD @ WHITWORTH RD,drumcondra rd @ whitworth rd,NCITY,53.361724,-6.259479,SCATS Site
69,DUBLIN RD @ KILBARRACK RD,dublin rd @ kilbarrack rd,WCITY1,53.384781,-6.143031,SCATS Site
70,EARLSFORT TCE @ HATCH ST,earlsfort tce @ hatch st,SCITY,53.33383461,-6.258650514,SCATS Site
71,EMMET RD @ TYRCONNELL RD,emmet rd @ tyrconnell rd,WCITY1,53.339541,-6.321016,SCATS Site
72,FAIRVIEW @ FAIRVIEW STRAND (EDGES CORNER),fairview @ fairview strand (edges corner),NCITY,53.362856,-6.236443,SCATS Site
73,FAIRVIEW @ MALAHIDE RD / HOWTH RD,fairview @ malahide rd / howth rd,NCITY,53.3644,-6.229796,SCATS Site
74,FAUSSAGH AV @ CARNLOUGH RD,faussagh av @ carnlough rd,NULL,53.3666867,-6.2918802,Signal Site
75,FENIAN ST @ HOLLES ST,fenian st @ holles st,CCITY,53.3410846,-6.2453144,SCATS Site
76,GARDINER PL / MOUNTJOY SQ,gardiner pl / mountjoy sq,CCITY,53.356808,-6.259113,SCATS Site
77,GRAND CANAL ST @ HADDINGTON RD,grand canal st @ haddington rd,SCITY,53.33728663,-6.234682657,SCATS Site
78,GRANGE RD @ KILBARRACK RD,grange rd @ kilbarrack rd,WCITY1,53.39110787,-6.168162343,SCATS Site
80,GRIFFITH AV @ GRACE PARK RD,griffith av @ grace park rd,NCITY,53.37400216,-6.24328512,SCATS Site
81,HAROLDS CROSS BRIDGE,harolds cross bridge,SCITY,53.329514,-6.275594,SCATS Site
82,HAROLDS CROSS RD @ LEINSTER RD,harolds cross rd @ leinster rd,SCITY,53.32166648,-6.27912199,SCATS Site
83,HAROLDS CROSS RD  @ PARK,harolds cross rd  @ park,SCITY,53.326407,-6.278056,SCATS Site
84,HAROLDS CROSS RD @ RATHGAR AV,harolds cross rd @ rathgar av,SCITY,53.3186632,-6.2789822,SCATS Site
85,SCR @ HEYTESBURY ST,scr @ heytesbury st,SCITY,53.33246616,-6.26831298,SCATS Site
86,HOWTH RD @ BROOKWOOD AV,howth rd @ brookwood av,WCITY1,53.37546251,-6.194837575,SCATS Site
87,HOWTH RD @ COPELAND AVE,howth rd @ copeland ave,WCITY1,53.3661254,-6.2235609,SCATS Site
88,HOWTH RD @ STATION RD,howth rd @ station rd,WCITY1,53.38039654,-6.17510658,SCATS Site
90,JAMES LARKIN RD @ WATERMILL RD,james larkin rd @ watermill rd,NCITY,53.37406085,-6.16458493,SCATS Site
91,JAMESTOWN RD / MCKEE AVE / SEAMUS ENNIS RD,jamestown rd / mckee ave / seamus ennis rd,NCITY,53.39011898,-6.298183036,SCATS Site
92,IRISHTOWN RD @ BATH ST,irishtown rd @ bath st,SCITY,53.33958909,-6.223327707,SCATS Site
93,IRISHTOWN RD @ LONDONBRIDGE,irishtown rd @ londonbridge,SCITY,53.33792415,-6.222511473,SCATS Site
94,JERVIS ST @ ABBEY ST  (LUAS),jervis st @ abbey st  (luas),CCITY,53.347604,-6.266148,SCATS Site
95,JERVIS ST @ MARY ST,jervis st @ mary st,CCITY,53.348808,-6.26667,SCATS Site
96,KILDARE RD @ WINDMILL RD,kildare rd @ windmill rd,NULL,53.32533299,-6.30900425,Signal Site
97,KIMMAGE RD LOWER @ SUNDRIVE RD,kimmage rd lower @ sundrive rd,SCITY,53.319471,-6.290559,SCATS Site
98,KCR AND KIMMAGE RD/RAVENSDALE,kcr and kimmage rd/ravensdale,SCITY,53.312106,-6.299684,SCATS Site
99,KIMMAGE RD WEST @ LORCAN O TOOLE PK,kimmage rd west @ lorcan o toole pk,NULL,53.31374431,-6.309789782,Signal Site
100,KIMMAGE RD WEST @ WHITEHALL RD,kimmage rd west @ whitehall rd,WCITY1,53.31270554,-6.304874271,SCATS Site
101,KYLEMORE RD @ OLD NAAS RD,kylemore rd @ old naas rd,NULL,53.3284819,-6.3437672,Signal Site
101,KYLEMORE RD @ OLD NAAS RD,kylemore rd @ old naas rd ,WCITY1,53.3284819,-6.3437672,SCATS Site
102,LEESON PK @ CHELMSFORD RD,leeson pk @ chelmsford rd,SCITY,53.32636158,-6.250448524,SCATS Site
103,LEESON ST @ APPIAN WAY/WATERLOO RD & PED AT SUSSEX RD,leeson st @ appian way/waterloo rd & ped at sussex rd,SCITY,53.32822155,-6.245889419,SCATS Site
104,LEESON ST BRIDGE / MESPIL RD,leeson st bridge / mespil rd,SCITY,53.33192913,-6.252650507,SCATS Site
105,LONG MILE RD @ WALKINSTOWN AV,long mile rd @ walkinstown av,WCITY1,53.3237,-6.341007,SCATS Site
106,LUCAN RD @ KYLEMORE RD,lucan rd @ kylemore rd,WCITY1,53.35101882,-6.352857649,SCATS Site
107,MALAHIDE RD @ COLLINS AV,malahide rd @ collins av,NCITY,53.375512,-6.218754,SCATS Site
108,MALAHIDE RD @ GRIFFITH AV,malahide rd @ griffith av,NCITY,53.368508,-6.22635,SCATS Site
109,MALAHIDE RD @ KILMORE RD,malahide rd @ kilmore rd,NCITY,53.37992328,-6.210365073,SCATS Site
110,MALAHIDE RD @ TONLEGEE RD,malahide rd @ tonlegee rd,NCITY,53.389413,-6.197583,SCATS Site
111,MERRION RD @ AILESBURY RD,merrion rd @ ailesbury rd,SCITY,53.320518,-6.2155,SCATS Site
112,MERRION RD @ ANGLESEA RD & PED @ RDS,merrion rd @ anglesea rd & ped @ rds,SCITY,53.32880997,-6.230326103,SCATS Site
113,MERRION RD @ NUTLEY LANE,merrion rd @ nutley lane,SCITY,53.31886422,-6.2129471,SCATS Site
114,MERRION RD @ SANDYMOUNT AV,merrion rd @ sandymount av,SCITY,53.3264971,-6.2244579,SCATS Site
115,MERRION ROW @ MERRION ST,merrion row @ merrion st,CCITY,53.33814415,-6.253613155,SCATS Site
116,MERRION SQ @ HOLLES ST,merrion sq @ holles st,CCITY,53.33961878,-6.246438441,SCATS Site
117,MILLTOWN RD @ DUNDRUM RD,milltown rd @ dundrum rd,SCITY,53.31067582,-6.248131342,SCATS Site
118,MOREHAMPTON RD @ HERBERT PK,morehampton rd @ herbert pk,SCITY,53.32511941,-6.24093233,SCATS Site
119,MOBHI RD @ BOTANIC AV,mobhi rd @ botanic av,NCITY,53.37184485,-6.266551795,SCATS Site
120,MOUNT ST BRIDGE @ WARRINGTON PL,mount st bridge @ warrington pl,DCC1,53.33766465,-6.240624394,SCATS Site
121,MOUNTJOY SQ @ BELVIDERE PL,mountjoy sq @ belvidere pl,NCITY,53.35739626,-6.25708867,SCATS Site
122,MOUNTJOY ST @ WESTERN WAY,mountjoy st @ western way,NCITY,53.35485,-6.268734,SCATS Site
123,MOUNTPLEASANT AV @ CHARLESTON RD,mountpleasant av @ charleston rd,SCITY,53.323523,-6.260429202,SCATS Site
124,NAAS RD @ KYLEMORE RD (LUAS),naas rd @ kylemore rd (luas),WCITY1,53.326971,-6.342872,SCATS Site
125,NAVAN RD @ NEPHIN RD,navan rd @ nephin rd,WCITY1,53.36492,-6.308256,SCATS Site
126,NICHOLAS ST @ BRIDE RD,nicholas st @ bride rd,SCITY,53.341537,-6.27226,SCATS Site
127,NCR @ CABRA RD,ncr @ cabra rd,NCITY,53.36072191,-6.275144249,SCATS Site
128,NCR @ BELVIDERE RD,ncr @ belvidere rd,NCITY,53.3592327,-6.258753173,SCATS Site
129,NCR @ FITZGIBBON ST,ncr @ fitzgibbon st,NCITY,53.35837321,-6.254626873,SCATS Site
130,NCR @ INFIRMARY RD,ncr @ infirmary rd,WCITY1,53.35219,-6.29808,SCATS Site
131,NORTH RD @ MELLOWES RD,north rd @ mellowes rd,NCITY,53.3899657,-6.301263742,SCATS Site
132,NORTH STRAND RD @ EAST WALL RD,north strand rd @ east wall rd,NCITY,53.360634,-6.23904,SCATS Site
133,NORTHUMBERLAND RD @ HADDINGTON RD,northumberland rd @ haddington rd,SCITY,53.336146,-6.238152,SCATS Site
134,NORTHUMBERLAND RD @ PEMBROKE RD,northumberland rd @ pembroke rd,SCITY,53.332259,-6.235354,SCATS Site
136,ORWELL RD @ ORWELL PK,orwell rd @ orwell pk,WCITY1,53.30694851,-6.269834935,SCATS Site
137,PALMERSTON RD @ BELGRAVE RD,palmerston rd @ belgrave rd,SCITY,53.32085621,-6.2595681,SCATS Site
138,PARKGATE ST @ INFIRMARY RD,parkgate st @ infirmary rd,CCITY,53.348199,-6.295636,SCATS Site
139,PARNELL RD @ CLOGHER RD,parnell rd @ clogher rd,SCITY,53.3304292,-6.2840455,SCATS Site
140,PARNELL SQ @ NORTH FREDERICK ST,parnell sq @ north frederick st,NCITY,53.35442851,-6.263430138,SCATS Site
141,GARDINER ST @ PARNELL ST / SUMMERHILL AND PED AT RUTLAND ST,gardiner st @ parnell st / summerhill and ped at rutland st,CCITY,53.354212,-6.256897,SCATS Site
142,PATRICK ST @ DEAN ST,patrick st @ dean st,SCITY,53.33885189,-6.272633191,SCATS Site
143,PEARSE ST @ ERNE ST,pearse st @ erne st,CCITY,53.343188,-6.244578,SCATS Site
144,PEARSE ST @ MACKEN ST,pearse st @ macken st,CCITY,53.342762,-6.241147,SCATS Site
145,PEARSE ST @ SANDWITH ST,pearse st @ sandwith st,CCITY,53.34351786,-6.246392619,SCATS Site
146,PEARSE ST @ WESTLAND ROW & PED AT CHURCH,pearse st @ westland row & ped at church,CCITY,53.34413,-6.249295,SCATS Site
147,PEMBROKE RD @ SHELBOURNE RD,pembroke rd @ shelbourne rd,SCITY,53.32949201,-6.232952178,SCATS Site
148,PHIBSBORO RD @ CONNAUGHT ST & PED AT SHOPPING CENTRE,phibsboro rd @ connaught st & ped at shopping centre,NCITY,53.36253281,-6.272693223,SCATS Site
149,NCR @ PHIBSBORO RD (DOYLES CORNER),ncr @ phibsboro rd (doyles corner),NCITY,53.36078483,-6.272678945,SCATS Site
150,PHIBSBORO RD @ WHITWORTH RD,phibsboro rd @ whitworth rd,NCITY,53.36462639,-6.271783924,SCATS Site
151,NCR @ PRUSSIA ST (HANLONS CORNER),ncr @ prussia st (hanlons corner),WCITY1,53.357216,-6.288761,SCATS Site
152,QUEEN ST BRIDGE,queen st bridge,CCITY,53.346386,-6.280432,SCATS Site
153,RANELAGH RD @ FIELDS TCE / CHELMSFORD RD,ranelagh rd @ fields tce / chelmsford rd,SCITY,53.3250988,-6.2546633,SCATS Site
155,RATHGAR RD @ ORWELL RD,rathgar rd @ orwell rd,SCITY,53.31189783,-6.274611236,SCATS Site
156,RATHGAR RD @ FRANKFORT AV,rathgar rd @ frankfort av,WCITY1,53.3173303,-6.2704275,SCATS Site
157,RATHMINES BRIDGE @ CANAL RD,rathmines bridge @ canal rd,SCITY,53.32994997,-6.264278678,SCATS Site
158,RATHMINES RD @ CASTLEWOOD AV ,rathmines rd @ castlewood av ,SCITY,53.322264,-6.265737,SCATS Site
159,RATHMINES RD @ HIGHFIELD RD,rathmines rd @ highfield rd,WCITY1,53.31326375,-6.263354994,SCATS Site
160,RINGSEND RD @ SOUTH LOTTS RD,ringsend rd @ south lotts rd,SCITY,53.3415926,-6.23170508,SCATS Site
161,HOWTH RD  @ CHURCH,howth rd  @ church,WCITY1,53.3751504,-6.196310393,SCATS Site
162,MOBHI RD @ GRIFFITH AV,mobhi rd @ griffith av,NCITY,53.3782629,-6.2651203,SCATS Site
163,ST STEPHENS GREEN @ EARLSFORT TCE,st stephens green @ earlsfort tce,SCITY,53.33611851,-6.257122178,SCATS Site
164,ST STEPHENS GREEN @ HARCOURT ST (LUAS),st stephens green @ harcourt st (luas),SCITY,53.33759778,-6.262615281,SCATS Site
165,SANDFORD RD @ MILLTOWN RD,sandford rd @ milltown rd,SCITY,53.31857895,-6.241455135,SCATS Site
166,GARDINER ST @ SEAN MC DERMOTT ST,gardiner st @ sean mc dermott st,CCITY,53.353031,-6.256035,SCATS Site
167,SHELBOURNE RD @ LANDSDOWNE RD,shelbourne rd @ landsdowne rd,SCITY,53.33373357,-6.231796775,SCATS Site
168,SHERIFF ST @ WAPPING ST,sheriff st @ wapping st,NCITY,53.35023375,-6.235016063,SCATS Site
170,SCR @ DONORE AV,scr @ donore av,SCITY,53.331516,-6.283627,SCATS Site
171,SCR @ EMMET RD,scr @ emmet rd,WCITY1,53.34061163,-6.307669767,SCATS Site
172,SCR @ ST JOHNS RD,scr @ st johns rd,WCITY1,53.34396656,-6.308244467,SCATS Site
173,GEORGES ST @ STEPHENS ST,georges st @ stephens st,SCITY,53.3414693,-6.26539315,SCATS Site
174,STILLORGAN RD @ ANGLESEA RD,stillorgan rd @ anglesea rd,SCITY,53.31919269,-6.23208783,SCATS Site
175,STILLORGAN RD @ NUTLEY LANE,stillorgan rd @ nutley lane,SCITY,53.31365381,-6.22239235,SCATS Site
176,SUIR RD @ DAVITT RD (LUAS),suir rd @ davitt rd (luas),WCITY1,53.33650654,-6.30623025,SCATS Site
177,SUNDRIVE RD @ CLOGHER RD,sundrive rd @ clogher rd,WCITY1,53.32568685,-6.29661575,SCATS Site
178,NCR @ SUMMERHILL,ncr @ summerhill,NCITY,53.3570282,-6.249742617,SCATS Site
179,SWORDS RD @ COLLINS AV,swords rd @ collins av,NCITY,53.38246,-6.244531,SCATS Site
180,SWORDS RD @ LARKHILL RD,swords rd @ larkhill rd,NCITY,53.387681,-6.244285,SCATS Site
181,SWORDS RD @ SHANOWEN RD,swords rd @ shanowen rd,NCITY,53.389783,-6.246246,SCATS Site
182,GARDINER ST @ TALBOT ST,gardiner st @ talbot st,CCITY,53.35074863,-6.254446963,SCATS Site
183,TARA ST @ GEORGES QUAY,tara st @ georges quay,CCITY,53.347487,-6.255009,SCATS Site
184,TARA ST @ POOLBEG ST,tara st @ poolbeg st,CCITY,53.34681537,-6.255125119,SCATS Site
185,TARA ST @ TOWNSEND ST & PEDS AT FIRE STATION,tara st @ townsend st & peds at fire station,CCITY,53.34589915,-6.255148497,SCATS Site
187,TERENURE CROSS,terenure cross,SCITY,53.309842,-6.283565,SCATS Site
188,TOWNSEND ST @ MOSS ST & PED AT PRINCES ST,townsend st @ moss st & ped at princes st,CCITY,53.34578996,-6.252119984,SCATS Site
189,TYRCONNELL RD @ DAVITT RD  (LUAS),tyrconnell rd @ davitt rd  (luas),WCITY1,53.3340389,-6.3285548,SCATS Site
190,WATLING ST BRIDGE,watling st bridge,CCITY,53.34700658,-6.283928619,SCATS Site
191,WESTLAND ROW @ LINCOLN PL,westland row @ lincoln pl,CCITY,53.34200521,-6.250589226,SCATS Site
192,WEXFORD ST @ KEVIN ST,wexford st @ kevin st,SCITY,53.33760485,-6.265788537,SCATS Site
193,WINETAVERN ST BRIDGE,winetavern st bridge,CCITY,53.345256,-6.272135,SCATS Site
194,NORTH STRAND RD @ ANNESLEY PL,north strand rd @ annesley pl,NCITY,53.3598561,-6.2397428,SCATS Site
196,O'CONNELL BRIDGE @ ASTON QUAY,o'connell bridge @ aston quay,CCITY,53.3468383,-6.2589137,SCATS Site
197,O'CONNELL ST @ BACHELORS WALK,o'connell st @ bachelors walk,CCITY,53.3475808,-6.2592774,SCATS Site
198,O'CONNELL ST @ ABBEY ST  (LUAS),o'connell st @ abbey st  (luas),CCITY,53.34838781,-6.259644159,SCATS Site
199,O'CONNELL ST @ HENRY ST & PED AT EARL ST,o'connell st @ henry st & ped at earl st,CCITY,53.34979793,-6.260258981,SCATS Site
200,O'CONNELL ST @ CATHAL BRUGHA ST,o'connell st @ cathal brugha st,CCITY,53.35194847,-6.261080311,SCATS Site
201,O'CONNELL ST @ PARNELL ST,o'connell st @ parnell st,CCITY,53.35257079,-6.261489034,SCATS Site
202,PARNELL ST @ PARNELL SQ & PED AT DOMINICK ST,parnell st @ parnell sq & ped at dominick st,CCITY,53.35182721,-6.262915529,SCATS Site
203,AMIENS ST @ BUCKINGHAM ST,amiens st @ buckingham st,CCITY,53.352744,-6.2489069,SCATS Site
204,ARDLEA RD @ SCHOOL,ardlea rd @ school,NULL,53.386535,-6.210361,Signal Site
205,AUNGIER ST @ YORK ST,aungier st @ york st,SCITY,53.33973268,-6.265840567,SCATS Site
206,BAGGOT ST @ PEMBROKE ST,baggot st @ pembroke st,WCITY1,53.33766189,-6.251542787,SCATS Site
207,BALLYBOUGH RD @ BAYVIEW AV,ballybough rd @ bayview av,NULL,53.359325,-6.245566,Signal Site
208,BALLYBOUGH RD @ CANAL BRIDGE,ballybough rd @ canal bridge,CCITY,53.35819816,-6.247448654,SCATS Site
209,BALLYFERMOT RD @ DRUMFIN RD,ballyfermot rd @ drumfin rd,WCITY1,53.3428069,-6.3605731,SCATS Site
210,BALLYFERMOT RD @ GALA,ballyfermot rd @ gala,WCITY1,53.3425553,-6.3576219,SCATS Site
211,BALLYFERMOT WEST OF ROUNDABOUT,ballyfermot west of roundabout,WCITY1,53.3422509,-6.3493363,SCATS Site
212,BALLYGALL RD EAST @ HILLCREST ESTATE,ballygall rd east @ hillcrest estate,NULL,53.387565,-6.279736,Signal Site
213,BALLYGALL RD WEST @ GROVE RD,ballygall rd west @ grove rd,NULL,53.390409,-6.287232,Signal Site
214,GLASNEVIN AV @ GLASNEVIN DRIVE,glasnevin av @ glasnevin drive,NCITY,53.38992531,-6.270197332,SCATS Site
215,BALLYMUN RD @ ST MICHAELS ITT & OOT,ballymun rd @ st michaels itt & oot,NCITY,53.37990934,-6.265826672,SCATS Site
216,BOTANIC RD @ MARGUERITE RD,botanic rd @ marguerite rd,WCITY1,53.3686101,-6.2697734,SCATS Site
218,BRIDGE ST (RINGSEND) @ CHURCH,bridge st (ringsend) @ church,SCITY,53.3417633,-6.2277364,SCATS Site
219,BALLYMUN RD @ OUR LADY OF THE VICTORIES SCHOOL,ballymun rd @ our lady of the victories school,NCITY,53.3885676,-6.2655262,SCATS Site
220,CAMDEN ST / PLEASANTS ST ,camden st / pleasants st ,SCITY,53.3354574,-6.265205397,SCATS Site
221,CARDIFFSBRIDGE RD @ WELLMOUNT AV,cardiffsbridge rd @ wellmount av,NULL,53.3859713,-6.312615,Signal Site
222,CHAPELIZOD RD @ PARK GATE,chapelizod rd @ park gate,NULL,53.3466784,-6.3369597,Signal Site
223,CLONTARF RD @ BULL WALL,clontarf rd @ bull wall,NCITY,53.3608826,-6.1822893,SCATS Site
224,CLONTARF RD @ CONQUER HILL RD,clontarf rd @ conquer hill rd,NCITY,53.3588536,-6.189932,SCATS Site
226,COLLEGE GREEN @ GRAFTON ST,college green @ grafton st,CCITY,53.3444245,-6.259537235,SCATS Site
229,WESTMORELAND ST @ COLLEGE ST,westmoreland st @ college st,CCITY,53.34530314,-6.259113968,SCATS Site
230,COLLEGE ST @ COLLEGE GREEN,college st @ college green,CCITY,53.34508689,-6.258870614,SCATS Site
232,D-OLIER ST @ PEARSE ST / FLEET ST / TOWNSEND ST,d-olier st @ pearse st / fleet st / townsend st,CCITY,53.34575682,-6.257148034,SCATS Site
233,COLLINS AV @ ALBERT COLLEGE PK,collins av @ albert college pk,NCITY,53.38826602,-6.261026265,SCATS Site
234,COLLINS AV @ FALCARRAGH RD,collins av @ falcarragh rd,NULL,53.384696,-6.249933,Signal Site
235,CONNAUGHT ST @ ST PETERS RD,connaught st @ st peters rd,NULL,53.3632159,-6.2767703,Signal Site
236,CORK ROAD @ ORMOND ROAD,cork road @ ormond road,SCITY,53.3382047,-6.281361792,SCATS Site
237,CRUMLIN RD @ LORETO CONVENT,crumlin rd @ loreto convent,WCITY1,53.33061205,-6.296875013,SCATS Site
238,CRUMLIN RD @ SHOPPING CENTRE,crumlin rd @ shopping centre,WCITY1,53.32971758,-6.299594575,SCATS Site
243,DONNYBROOK RD @ GARDA STATION,donnybrook rd @ garda station,SCITY,53.32150988,-6.23515693,SCATS Site
246,DUNVILLE AV @ OAKLEY RD,dunville av @ oakley rd,NULL,53.321131,-6.256135,Signal Site
247,EAST WALL RD @ FOOTBRIDGE,east wall rd @ footbridge,NCITY,53.3591025,-6.2364392,SCATS Site
248,FAIRVIEW STRAND @ PHILIPSBURGH AV,fairview strand @ philipsburgh av,NCITY,53.3628098,-6.2397045,SCATS Site
249,FINGLAS RD @ CLAREMONT COURT,finglas rd @ claremont court,NCITY,53.37082162,-6.280146909,SCATS Site
254,GRAND CANAL ST @ MACKEN ST,grand canal st @ macken st,DCC1,53.339746,-6.241863,SCATS Site
255,GRIFFITH AV @ CLARE RD,griffith av @ clare rd,NULL,53.3767061,-6.2545287,Signal Site
256,GRIFFITH AV @ ST DECLAN TCE,griffith av @ st declan tce,NULL,53.3697747,-6.2312657,Signal Site
257,HARCOURT ST @ THE HOSPITAL (LUAS),harcourt st @ the hospital (luas),SCITY,53.33542066,-6.263298166,SCATS Site
258,HAROLDS CROSS RD @ LE VERE TCE,harolds cross rd @ le vere tce,SCITY,53.3281278,-6.2766772,SCATS Site
259,HAROLDS CROSS RD @ PARK VIEW AV,harolds cross rd @ park view av,SCITY,53.3230781,-6.2789512,SCATS Site
260,HEYTESBURY ST @ HOSPITAL,heytesbury st @ hospital,SCITY,53.33616958,-6.268995761,SCATS Site
261,HOWTH RD @ DUNSEVERICK RD,howth rd @ dunseverick rd,WCITY1,53.37103407,-6.205228169,SCATS Site
262,HOWTH RD  @ ST ASSAM'S RD EAST,howth rd  @ st assam's rd east,WCITY1,53.38002993,-6.164584671,SCATS Site
263,KILBARRACK RD @ SWANSNEST AV,kilbarrack rd @ swansnest av,WCITY1,53.3908229,-6.159996,SCATS Site
264,KILMORE RD @ ARDLEA RD,kilmore rd @ ardlea rd,NCITY,53.38697262,-6.21497333,SCATS Site
265,MOUNT ARGUS @ THE CHURCH,mount argus @ the church,NULL,53.3203515,-6.2862271,Signal Site
266,LE FANU RD @ KYLEMORE AVE,le fanu rd @ kylemore ave,NULL,53.337605,-6.354153,Signal Site
268,LEESON ST @ PEMBROKE ST,leeson st @ pembroke st,SCITY,53.33435801,-6.255190223,SCATS Site
269,LINCOLN PL @ CLARE ST,lincoln pl @ clare st,CCITY,53.34182053,-6.252296383,SCATS Site
271,MALAHIDE RD @ DONNYCARNEY RD,malahide rd @ donnycarney rd,NCITY,53.37302291,-6.221667197,SCATS Site
272,COLLEGE GREEN / CHURCH LANE,college green / church lane,CCITY,53.34435519,-6.26085065,SCATS Site
274,MARROWBONE LANE @ SUMMER ST,marrowbone lane @ summer st,NULL,53.340549,-6.283434,Signal Site
275,MERRION RD @ HERBERT AV,merrion rd @ herbert av,SCITY,53.31725245,-6.208186305,SCATS Site
276,MILLTOWN RD @ SCHOOL,milltown rd @ school,SCITY,53.31151758,-6.247890359,SCATS Site
279,NAVAN RD @ CHURCH,navan rd @ church,WCITY1,53.366691,-6.3136,SCATS Site
280,NEW ST @ LONG LANE & PEDS AT DANIEL ST.,new st @ long lane & peds at daniel st.,SCITY,53.33631886,-6.273147588,SCATS Site
281,NORTH STRAND RD @ IVY CHURCH,north strand rd @ ivy church,DCC1,53.3582654,-6.2417088,SCATS Site
282,NORTH STRAND RD @ NEWCOMEN BRIDGE,north strand rd @ newcomen bridge,DCC1,53.35662048,-6.244127303,SCATS Site
285,HALFPENNY BRIDGE & MILLENNIUM FOOTBRIDGE @ ORMOND QUAY,halfpenny bridge & millennium footbridge @ ormond quay,CCITY,53.34661313,-6.263277074,SCATS Site
288,PEARSE ST @ SHAW ST,pearse st @ shaw st,CCITY,53.34470865,-6.252177025,SCATS Site
290,PHIBSBORO RD @ MONCK PL,phibsboro rd @ monck pl,NULL,53.3587369,-6.2730969,Signal Site
291,PHILIPSBURGH AV @ SHOPS,philipsburgh av @ shops,NULL,53.369054,-6.238766,Signal Site
292,RAHENY RD @ SWANSNEST RD,raheny rd @ swansnest rd,NULL,53.389996,-6.16953,Signal Site
295,RATHMINES RD @ LEINSTER RD,rathmines rd @ leinster rd,SCITY,53.324053,-6.265385,SCATS Site
297,RICHMOND ST SOUTH @ LENNOX ST,richmond st south @ lennox st,SCITY,53.33070632,-6.264359504,SCATS Site
298,MOBHI RD @ SCOIL CAITRIONA,mobhi rd @ scoil caitriona,NCITY,53.37554623,-6.265052122,SCATS Site
301,ST STEPHENS GREEN @ NORTH EAST CORNER,st stephens green @ north east corner,CCITY,53.33859582,-6.25539212,SCATS Site
302,SANDFORD RD @ MARLBOROUGH RD,sandford rd @ marlborough rd,SCITY,53.322155,-6.247637,SCATS Site
303,SANDYMOUNT RD @ SHOPS,sandymount rd @ shops,NULL,53.3327329,-6.2159597,Signal Site
304,SCR @ RIALTO BRIDGE,scr @ rialto bridge,WCITY1,53.33763399,-6.299292771,SCATS Site
305,GEORGES ST @ EXCHEQUER ST,georges st @ exchequer st,CCITY,53.34298908,-6.264406595,SCATS Site
308,SUNDRIVE RD @ BLARNEY PK,sundrive rd @ blarney pk,WCITY1,53.32081321,-6.292663916,SCATS Site
309,SUNDRIVE RD @ CONVENT,sundrive rd @ convent,NULL,53.334252,-6.326699,Signal Site
309,SUNDRIVE RD @ CONVENT,sundrive rd @ convent,WCITY1,53.3245412,-6.2958135,SCATS Site
311,TEMPLEOGUE RD @ FORTFIELD RD,templeogue rd @ fortfield rd,SCITY,53.30182,-6.297239,SCATS Site
312,TERENURE RD NTH @ ASHDALE RD,terenure rd nth @ ashdale rd,SCITY,53.3147099,-6.2834513,SCATS Site
314,TONLEGEE RD @ SHOPS,tonlegee rd @ shops,NULL,53.3889253,-6.1953892,Signal Site
316,WALKINSTOWN AV @ WALKINSTOWN GREEN,walkinstown av @ walkinstown green,NULL,53.3195755,-6.3366869,Signal Site
319,BALLYFERMOT SOUTH OF ROUNDABOUT,ballyfermot south of roundabout,NULL,53.3413672,-6.3485289,Signal Site
320,BALLYFERMOT NORTH OF ROUNDABOUT,ballyfermot north of roundabout,NULL,53.3429086,-6.3488605,Signal Site
322,KYLEMORE RD @ BLUEBELL AV,kylemore rd @ bluebell av,WCITY1,53.33102001,-6.345645189,SCATS Site
323,MALAHIDE RD @ ST BRENDANS AV,malahide rd @ st brendans av,NCITY,53.3868829,-6.2007823,SCATS Site
324,BRIDE ST @ GOLDEN LANE,bride st @ golden lane,SCITY,53.34055933,-6.270032359,SCATS Site
325,CRUMLIN RD @ IVY GARDENS,crumlin rd @ ivy gardens,WCITY1,53.32761801,-6.30923152,SCATS Site
326,CRUMLIN RD @ IVY GROUNDS,crumlin rd @ ivy grounds,WCITY1,53.32831163,-6.306053102,SCATS Site
327,FINGLAS RD @ OLD FINGLAS RD,finglas rd @ old finglas rd,NCITY,53.377704,-6.287545,SCATS Site
328,GRAFTON ST @ SUFFOLK ST,grafton st @ suffolk st,CCITY,53.34326199,-6.25935027,SCATS Site
329,CLONSKEAGH RD @ HOSPITAL,clonskeagh rd @ hospital,NULL,53.316653,-6.23869,Signal Site
330,RANELAGH RD @ NORTHBROOK RD,ranelagh rd @ northbrook rd,SCITY,53.3282968,-6.2581681,SCATS Site
331,MALAHIDE RD @ KILLESTER AV (ST DAVIDS),malahide rd @ killester av (st davids),NCITY,53.378414,-6.213154,SCATS Site
332,SWORDS RD @ PLUNKETT SCHOOL,swords rd @ plunkett school,WCITY1,53.3805653,-6.2459052,SCATS Site
333,DAVITT RD / BENBULBIN RD / FOOTBRIDGE (LUAS),davitt rd / benbulbin rd / footbridge (luas),WCITY1,53.33595568,-6.312371725,SCATS Site
334,CLONLIFFE RD @ CLONLIFFE GARDENS,clonliffe rd @ clonliffe gardens,NCITY,53.3617786,-6.2467798,SCATS Site
335,GRIFFITH AV EXT @ BALLYGALL RD EAST,griffith av ext @ ballygall rd east,NCITY,53.37953644,-6.27635193,SCATS Site
336,CHURCH ST @ MAY LANE ,church st @ may lane ,CCITY,53.34800232,-6.274761692,SCATS Site
337,CHARLEMONT ST @ FLATS,charlemont st @ flats,NULL,53.331583,-6.261969,Signal Site
340,FINGLAS RD / PREMIER SQUARE,finglas rd / premier square,NCITY,53.382041,-6.291203,SCATS Site
342,SANDFORD RD @ BELMONT AV,sandford rd @ belmont av,SCITY,53.31971651,-6.243607063,SCATS Site
343,SCR @ ISLANDBRIDGE FLATS,scr @ islandbridge flats,WCITY1,53.3457992,-6.3082292,SCATS Site
344,CABRA RD @ DOWTH AV,cabra rd @ dowth av,WCITY1,53.361011,-6.2831711,SCATS Site
346,DRUMCONDRA RD @ ST PATRICKS COLLEGE / ORMOND RD,drumcondra rd @ st patricks college / ormond rd,NCITY,53.3707446,-6.253763393,SCATS Site
347,PROSPECT RD @ LINDSAY RD,prospect rd @ lindsay rd,NCITY,53.36586485,-6.27124694,SCATS Site
348,BALLYFERMOT RD @ CLEGGAN PARK,ballyfermot rd @ cleggan park,WCITY1,53.343528,-6.369191,SCATS Site
349,CLOGHER RD @ RUTLAND AV,clogher rd @ rutland av,NULL,53.3262392,-6.2945688,Signal Site
351,CHURCH ST @ BRUNSWICK ST,church st @ brunswick st,CCITY,53.35066989,-6.274203546,SCATS Site
352,DAWSON ST @ NASSAU ST,dawson st @ nassau st,CCITY,53.34289897,-6.257792079,SCATS Site
354,AMIENS ST @ BERESFORD PL,amiens st @ beresford pl,CCITY,53.34899654,-6.251605823,SCATS Site
355,MEMORIAL BRIDGE @ CUSTOMS HOUSE QUAY,memorial bridge @ customs house quay,CCITY,53.34827091,-6.251592289,SCATS Site
356,MEMORIAL BRIDGE @ GEORGES QUAY,memorial bridge @ georges quay,CCITY,53.34746,-6.25179,SCATS Site
359,MOUNT BROWN @ CAMAC STORES,mount brown @ camac stores,NULL,53.34155,-6.297829,Signal Site
360,ST STEPHENS GREEN @ DAWSON ST,st stephens green @ dawson st,CCITY,53.33947113,-6.258811728,SCATS Site
362,RATHMINES RD @ CHURCH,rathmines rd @ church,SCITY,53.3278219,-6.264698,SCATS Site
363,RATHMINES RD @ MILITARY RD,rathmines rd @ military rd,SCITY,53.3270744,-6.2648431,SCATS Site
366,THOMAS ST @ MEATH ST & PED @ JOHNS LANE,thomas st @ meath st & ped @ johns lane,SCITY,53.342838,-6.27916,SCATS Site
367,CORNMARKET @ BRIDGE ST,cornmarket @ bridge st,SCITY,53.34335187,-6.274925533,SCATS Site
368,THOMAS ST @ FRANCIS ST,thomas st @ francis st,SCITY,53.343098,-6.276149,SCATS Site
369,THOMAS ST @ BRIDGEFOOT ST,thomas st @ bridgefoot st,SCITY,53.343249,-6.281382,SCATS Site
370,ST JOHNS RD WEST @ STEVENS LANE (LUAS),st johns rd west @ stevens lane (luas),CCITY,53.34625409,-6.291749569,SCATS Site
371,CARDIFFSBRIDGE RD @ SHOPPING CENTRE,cardiffsbridge rd @ shopping centre,NULL,53.3847254,-6.3127129,Signal Site
372,INCHICORE RD @ GRATTAN CRESCENT,inchicore rd @ grattan crescent,WCITY1,53.341616,-6.3190213,SCATS Site
374,TYRCONNELL RD @ RING TCE,tyrconnell rd @ ring tce,NULL,53.3357881,-6.326521796,Signal Site
377,STATION RD @ RAILWAY BRIDGE,station rd @ railway bridge,DCC1,53.3816229,-6.1757115,SCATS Site
378,MILLTOWN RD @ CHURCHTOWN RD,milltown rd @ churchtown rd,SCITY,53.30824153,-6.254377542,SCATS Site
379,DRIMNAGH RD @ ERRIGAL RD,drimnagh rd @ errigal rd,WCITY1,53.324865,-6.3210868,SCATS Site
380,TONLEGEE RD @ TONLEGEE LIME WOOD,tonlegee rd @ tonlegee lime wood,NCITY,53.39079541,-6.183380909,SCATS Site
381,OSCAR TRAYNOR RD @ COOLOCK DRIVE,oscar traynor rd @ coolock drive,NCITY,53.3919511,-6.2052757,SCATS Site
383,MERRION RD @ SERPENTINE AV ,merrion rd @ serpentine av ,SCITY,53.327855,-6.226933,SCATS Site
384,TONLEGEE RD @ MILLBROOK RD,tonlegee rd @ millbrook rd,NCITY,53.39113254,-6.17868027,SCATS Site
386,OSCAR TRAYNOR RD @ KILMORE RD,oscar traynor rd @ kilmore rd,NCITY,53.3944814,-6.2120287,SCATS Site
387,MEATH ST @ THE COOMBE,meath st @ the coombe,SCITY,53.33987805,-6.278073639,SCATS Site
388,OSCAR TRAYNOR @ CLONSHAUGH INDUSTRIAL ESTATE,oscar traynor @ clonshaugh industrial estate,NCITY,53.3974292,-6.2197528,SCATS Site
390,CRUMLIN RD @ KILDARE RD,crumlin rd @ kildare rd,WCITY1,53.32520224,-6.317579402,SCATS Site
391,MILLTOWN RD @ RAMLEH PARK,milltown rd @ ramleh park,SCITY,53.31466534,-6.24632856,SCATS Site
394,RATHFARNHAM RD @ BUSHY PARK RD,rathfarnham rd @ bushy park rd,SCITY,53.306987,-6.283729,SCATS Site
395,CRUMLIN RD @ COOLEY RD,crumlin rd @ cooley rd,WCITY1,53.32600837,-6.315931338,SCATS Site
396,JAMES STREET @ ECHLIN ST,james street @ echlin st,DCC1,53.343479,-6.288372,SCATS Site
399,JAMES ST @ WATLING ST,james st @ watling st,DCC1,53.343459,-6.284836,SCATS Site
402,ST STEPHENS GREEN @ GRAFTON ST. (LUAS),st stephens green @ grafton st. (luas),CCITY,53.33990499,-6.260595685,SCATS Site
403,GARDINER ST @ ABBEY ST/BERESFORD PL & PED ADJACENT (LUAS),gardiner st @ abbey st/beresford pl & ped adjacent (luas),CCITY,53.3493704,-6.25402901,SCATS Site
404,PARKGATE ST @ HEUSTON BRIDGE AND PED ADJACENT (LUAS),parkgate st @ heuston bridge and ped adjacent (luas),CCITY,53.34775024,-6.291860055,SCATS Site
405,HARTS CORNER & PEDS @ SMURFITS AND VINCENTS SCHOOL,harts corner & peds @ smurfits and vincents school,NCITY,53.367454,-6.272099,SCATS Site
408,CABRA RD @ QUARRY RD.,cabra rd @ quarry rd.,WCITY1,53.36146888,-6.290767193,SCATS Site
410,NAAS RD @ CARRIGLEA RD (LUAS),naas rd @ carriglea rd (luas),WCITY1,53.32825418,-6.336800411,SCATS Site
411,MERRION RD @ MERRION VILLAGE,merrion rd @ merrion village,SCITY,53.31771506,-6.20988357,SCATS Site
412,BALLYFERMOT RD EAST OF ROUNDABOUT,ballyfermot rd east of roundabout,WCITY1,53.3422799,-6.3461875,SCATS Site
416,GARDINER PL @ TEMPLE ST,gardiner pl @ temple st,NCITY,53.3559038,-6.261015,SCATS Site
418,CAPEL ST @ ABBEY ST (LUAS),capel st @ abbey st (luas),CCITY,53.347297,-6.268342,SCATS Site
419,PARNELL ST / JERVIS ST / CHAPEL LANE,parnell st / jervis st / chapel lane,CCITY,53.3501487,-6.2668778,SCATS Site
420,VICTORIA QUAY @ FRANK SHERWIN BRIDGE AND PEDS AT STATION (LUAS),victoria quay @ frank sherwin bridge and peds at station (luas),CCITY,53.346964,-6.291095,SCATS Site
421,ST STEPHENS GREEN @ KILDARE STREET,st stephens green @ kildare street,CCITY,53.33886,-6.256589,SCATS Site
422,NAVAN RD @ RATOATH RD,navan rd @ ratoath rd,WCITY1,53.361587,-6.298221,SCATS Site
423,SCR @ BROOKFIELD RD,scr @ brookfield rd,WCITY1,53.33872604,-6.29984438,SCATS Site
425,KILMORE RD @ EAST OF ROUNDABOUT,kilmore rd @ east of roundabout,NULL,53.384196,-6.215786,Signal Site
428,GRACE PARK RD @ ST JOSEPHS,grace park rd @ st josephs,NCITY,53.3700733,-6.2481006,SCATS Site
429,NCR @ CHARLEVILLE RD,ncr @ charleville rd,NCITY,53.35890489,-6.28162526,SCATS Site
430,BALLYGALL RD EAST @ FITZMAURICE RD,ballygall rd east @ fitzmaurice rd,NCITY,53.382539,-6.276368,SCATS Site
431,SKELLYS LANE @ MONTROSE AV,skellys lane @ montrose av,NULL,53.3851968,-6.2246867,Signal Site
433,MELLOWS RD @ COMMUNITY CENTRE,mellows rd @ community centre,NULL,53.39002,-6.311419,Signal Site
434,STANNAWAY RD @ CASHEL RD,stannaway rd @ cashel rd,NULL,53.318288,-6.303181,Signal Site
435,FAUSSAGH RD @ ST EITHNE RD,faussagh rd @ st eithne rd,NULL,53.3645539,-6.2860141,Signal Site
437,TERENURE RD NORTH @ EAGLE HILL AVE,terenure rd north @ eagle hill ave,SCITY,53.312752,-6.2823998,SCATS Site
438,MANOR ST @ MANOR PL,manor st @ manor pl,CCITY,53.352377,-6.283848,SCATS Site
439,TOWNSEND ST @ LOMBARD ST,townsend st @ lombard st,CCITY,53.34544,-6.24845,SCATS Site
441,MERRION GATES,merrion gates,SCITY,53.3160294,-6.2051674,SCATS Site
443,CLONTARF RD @ EMBANKMENT RD & PED AT ST ANTHONYS CHURCH,clontarf rd @ embankment rd & ped at st anthonys church,NCITY,53.36316923,-6.221922142,SCATS Site
445,EAST WALL RD / ALFIE BYRNE RD,east wall rd / alfie byrne rd,NCITY,53.35789497,-6.234191937,SCATS Site
447,NORTH RD @ PLUNKETT AV,north rd @ plunkett av,NCITY,53.39853006,-6.307075024,SCATS Site
448,MOREHAMPTON RD @ BELMONT AV,morehampton rd @ belmont av,SCITY,53.32276631,-6.237924689,SCATS Site
451,STRAND RD @ ROSLYN PK,strand rd @ roslyn pk,NULL,53.3332287,-6.2114083,Signal Site
452,MERRION RD @ SHREWSBURY RD,merrion rd @ shrewsbury rd,SCITY,53.32427925,-6.221443456,SCATS Site
453,KYLEMORE RD @ REHAB CENTRE,kylemore rd @ rehab centre,NULL,53.3357516,-6.3469122,Signal Site
454,NASSAU ST @ KILDARE ST & MOLESWORTH ST,nassau st @ kildare st & molesworth st,CCITY,53.34217525,-6.254550113,SCATS Site
455,NAVAN RD @ SKREEN RD,navan rd @ skreen rd,WCITY1,53.363481,-6.30392,SCATS Site
456,MALAHIDE RD @ GREENCASTLE RD,malahide rd @ greencastle rd,NCITY,53.391514,-6.194901,SCATS Site
457,KILBARRACK RD @ KILBARRACK AV,kilbarrack rd @ kilbarrack av,NCITY,53.38699934,-6.147565137,SCATS Site
458,FINGLAS RD @ BALLYBOGGAN RD,finglas rd @ ballyboggan rd,NCITY,53.375806,-6.286491,SCATS Site
459,FINGLAS RD @ SLANEY RD,finglas rd @ slaney rd,NCITY,53.3726239,-6.2836164,SCATS Site
460,RATHGAR AV @ GARVILLE AV,rathgar av @ garville av,NULL,53.31538089,-6.276670985,Signal Site
461,MALAHIDE RD @ MOUNT TEMPLE,malahide rd @ mount temple,NCITY,53.36994819,-6.2246933,SCATS Site
462,GRAND CANAL ST @ CLANWILLIAM PL,grand canal st @ clanwilliam pl,SCITY,53.338799,-6.2391914,SCATS Site
463,TYRCONNELL RD @ TYRCONNELL PK,tyrconnell rd @ tyrconnell pk,NULL,53.3379265,-6.3232042,Signal Site
464,KIMMAGE RD @ CORRIB RD,kimmage rd @ corrib rd,NULL,53.314828,-6.296024,Signal Site
465,MERRION SQ @ MOUNT ST UPR,merrion sq @ mount st upr,SCITY,53.3382404,-6.247718081,SCATS Site
467,MALAHIDE RD @ DARNDALE RDB/BLUNDEN DR,malahide rd @ darndale rdb/blunden dr,NCITY,53.39686654,-6.187125729,SCATS Site
468,GRANGE RD @ NEWBROOK AV,grange rd @ newbrook av,DCC1,53.396115,-6.162508,SCATS Site
470,NAVAN RD @ BAGGOT RD/KINVARA PK,navan rd @ baggot rd/kinvara pk,WCITY1,53.368239,-6.317839,SCATS Site
471,WALKINSTOWN AV @ ROUNDABOUT,walkinstown av @ roundabout,NULL,53.3176756,-6.3341123,Signal Site
472,BALLYFERMOT RD @ KENNELSFORT RD,ballyfermot rd @ kennelsfort rd,WCITY1,53.345606,-6.379581,SCATS Site
473,FORTFIELD RD @ WAINSFORT RD,fortfield rd @ wainsfort rd,NULL,53.3101304,-6.3029004,Signal Site
476,EAST WALL RD @ EAST RD,east wall rd @ east rd,NCITY,53.35498292,-6.229219555,SCATS Site
477,WALKINSTOWN RD @ KILNAMANAGH RD,walkinstown rd @ kilnamanagh rd,NULL,53.32133995,-6.330980875,Signal Site
478,SCR / RIALTO ST,scr / rialto st,NULL,53.335948,-6.297474,Signal Site
479,SANDFORD RD @ ANNA VILLA,sandford rd @ anna villa,SCITY,53.32340936,-6.2500353,SCATS Site
480,STRAND RD @ SANDYMOUNT TOWER,strand rd @ sandymount tower,SCITY,53.3247998,-6.2069724,SCATS Site
481,KYLEMORE RD @ KYLEMORE AV,kylemore rd @ kylemore av,NULL,53.3384948,-6.3480303,Signal Site
483,GARDINER ST @ CHURCH,gardiner st @ church,WCITY1,53.357604,-6.2600286,SCATS Site
484,BERKELEY RD @ ST JOSEPHS CHURCH,berkeley rd @ st josephs church,WCITY1,53.3578859,-6.268684,SCATS Site
485,FINGLAS RD / SHOPPING CENTRE / GLENHILL EST,finglas rd / shopping centre / glenhill est,NCITY,53.38408797,-6.294061344,SCATS Site
486,JAMES ST @ HOSPITAL (LUAS),james st @ hospital (luas),WCITY1,53.34249634,-6.293685634,SCATS Site
487,NAAS RD @ LA TOUCHE RD (MUIRFIELD RD) (LUAS),naas rd @ la touche rd (muirfield rd) (luas),WCITY1,53.32927237,-6.334426033,SCATS Site
488,BALLYFERMOT RD @ BALLYFERMOT PDE,ballyfermot rd @ ballyfermot pde,WCITY1,53.3421615,-6.351317,SCATS Site
489,PRUSSIA ST @ SHOPPING CENTRE,prussia st @ shopping centre,WCITY1,53.35599952,-6.287862085,SCATS Site
490,TERENURE RD EAST @ CHURCH,terenure rd east @ church,SCITY,53.3103493,-6.2817733,SCATS Site
492,HOWTH RD / ST LAWRENCE RD / ASHBROOK,howth rd / st lawrence rd / ashbrook,WCITY1,53.36811007,-6.21206845,SCATS Site
493,BEAUMONT RD @ HOSPITAL,beaumont rd @ hospital,NCITY,53.38566688,-6.228942275,SCATS Site
494,HOWTH RD @ JAMES LARKIN RD,howth rd @ james larkin rd,DCC1,53.38236051,-6.149561048,SCATS Site
495,PRIORSWOOD RD @ FERRYCARRIG PARK,priorswood rd @ ferrycarrig park,NULL,53.400058,-6.19837,Signal Site
496,MOREHAMPTON RD @ BLOOMFIELD AV,morehampton rd @ bloomfield av,SCITY,53.3266191,-6.2431453,SCATS Site
498,KYLEMORE RD @ BY-PASS,kylemore rd @ by-pass,WCITY1,53.34953624,-6.353243887,SCATS Site
500,GRIFFITH AV @ PHILIPSBURGH AV,griffith av @ philipsburgh av,NCITY,53.371902,-6.2372442,SCATS Site
501,CHAPELIZOD BYPASS @ CONCOLBERT RD,chapelizod bypass @ concolbert rd,WCITY1,53.34272328,-6.32162641,SCATS Site
502,SCR @ BULFIN RD,scr @ bulfin rd,WCITY1,53.33942554,-6.307734717,SCATS Site
503,SCR @ INCHICORE RD / OLD KILMAINHAM LANE,scr @ inchicore rd / old kilmainham lane,WCITY1,53.3418287,-6.3075832,SCATS Site
504,ORWELL RD @ ZION RD,orwell rd @ zion rd,SCITY,53.30995462,-6.273602509,SCATS Site
505,SKELLYS LANE WEST OF ROUNDABOUT,skellys lane west of roundabout,NULL,53.3843225,-6.2180561,Signal Site
506,CLONTARF RD @ VERNON AVE,clontarf rd @ vernon ave,NCITY,53.3590888,-6.1958659,SCATS Site
507,FAUSSAGH RD @ DOWTH AV,faussagh rd @ dowth av,NCITY,53.36373523,-6.282404065,SCATS Site
508,SWORDS RD @ OMNI PARK SHOPPING CENTRE,swords rd @ omni park shopping centre,NCITY,53.392833,-6.245973,SCATS Site
509,BREMEN GROVE NTH BOUND @ SEAN MOORE RD,bremen grove nth bound @ sean moore rd,SCITY,53.33925435,-6.216507913,SCATS Site
510,FINGLAS RD @ WELLMOUNT RD,finglas rd @ wellmount rd,NCITY,53.387314,-6.298282,SCATS Site
511,SEAFIELD RD @ VERNON AV,seafield rd @ vernon av,NCITY,53.36393054,-6.195366383,SCATS Site
513,AMIENS ST @ STORE ST (LUAS),amiens st @ store st (luas),CCITY,53.34986394,-6.250992591,SCATS Site
514,KIMMAGE RD LWR @ MOUNT ARGUS VIEW,kimmage rd lwr @ mount argus view,NULL,53.31987443,-6.288050115,SCATS Site
515,NAVAN RD / KEMPTON EST,navan rd / kempton est,WCITY1,53.371264,-6.329215,SCATS Site
516,COLLINS AV @ SHANOWEN AVE,collins av @ shanowen ave,NCITY,53.3876804,-6.2580681,SCATS Site
517,COLLINS AV @ COLLINSWOOD,collins av @ collinswood,NCITY,53.3803857,-6.236131,SCATS Site
518,BARRYSCOURT RD @ SHOPPING CENTRE,barryscourt rd @ shopping centre,NULL,53.396099,-6.2109265,Signal Site
519,OLD FINGLAS RD @ BALLYGALL RD,old finglas rd @ ballygall rd,NCITY,53.37761318,-6.276753364,SCATS Site
520,ST AGNES RD @ CHURCH,st agnes rd @ church,NULL,53.31928,-6.315243,Signal Site
521,GRACE PARK RD. @ GRACE PARK HEIGHTS,grace park rd. @ grace park heights,NCITY,53.37936936,-6.240419447,SCATS Site
522,HARCOURT ST @ HATCH ST (LUAS),harcourt st @ hatch st (luas),SCITY,53.33394413,-6.262979381,SCATS Site
524,TONLEGEE RD / RATHVALE DRIVE,tonlegee rd / rathvale drive,NCITY,53.39038876,-6.189186275,SCATS Site
526,EMMET RD / BULFIN RD,emmet rd / bulfin rd,WCITY1,53.3404516,-6.3155784,SCATS Site
527,COLLINS AVE @ BELTON PK,collins ave @ belton pk,NULL,53.3773824,-6.2246943,Signal Site
528,FINGLAS RD @ TOLKA VALLEY RD,finglas rd @ tolka valley rd,NCITY,53.379786,-6.28828,SCATS Site
530,SUNDRIVE RD @ STANAWAY RD,sundrive rd @ stanaway rd,WCITY1,53.32240985,-6.294456571,SCATS Site
531,HOWTH RD @ CASTLE AVE,howth rd @ castle ave,WCITY1,53.37142931,-6.202690965,SCATS Site
532,OSCAR TRAYNOR RD @ WOODLAWN,oscar traynor rd @ woodlawn,WCITY1,53.3976418,-6.2295637,SCATS Site
533,NAVAN RD @ HAMPTON GREEN,navan rd @ hampton green,WCITY1,53.362704,-6.301878,SCATS Site
536,STRAND RD @ GILFORD RD,strand rd @ gilford rd,SCITY,53.32807166,-6.208759309,SCATS Site
540,OSCAR TRAYNOR RD / DUNDANIEL RD,oscar traynor rd / dundaniel rd,WCITY1,53.39784705,-6.224204176,SCATS Site
541,NEPHIN RD @ ST DECLAN'S SCHOOL,nephin rd @ st declan's school,NULL,53.36665212,-6.304971723,Signal Site
542,SHANTALLA RD @ SHANTALLA AVE,shantalla rd @ shantalla ave,NULL,53.387839,-6.238206,Signal Site
543,KILMORE RD @ ARDMORE DRIVE,kilmore rd @ ardmore drive,NULL,53.38829513,-6.214774617,Signal Site
544,CHAPELIZOD HILL RD / KYLEMORE RD,chapelizod hill rd / kylemore rd,WCITY1,53.3459452,-6.3513999,SCATS Site
545,STATION RD / SPRINGDALE RD,station rd / springdale rd,NCITY,53.3828948,-6.1761677,SCATS Site
546,HOWTH RD / COLLINS AVE EAST,howth rd / collins ave east,WCITY1,53.3709272,-6.206791,SCATS Site
547,FORTFIELD RD @ GREENLEA RD,fortfield rd @ greenlea rd,NULL,53.3067128,-6.301091,Signal Site
548,CLAREVILLE RD @ SCHOOL,clareville rd @ school,NULL,53.317534,-6.285995,Signal Site
549,KILMORE RD @ KILBARRON RD,kilmore rd @ kilbarron rd,NULL,53.39185354,-6.214926536,Signal Site
550,WARRINGTON PL @ MOUNT ST UP,warrington pl @ mount st up,DCC1,53.33639481,-6.24257178,SCATS Site
551,BALLYFERMOT RD @ COLEPARK ROAD ,ballyfermot rd @ colepark road ,WCITY1,53.3423246,-6.3542352,SCATS Site
552,BALLYFERMOT RD @ CHERRY ORCHARD HOSPITAL,ballyfermot rd @ cherry orchard hospital,WCITY1,53.344392,-6.376485,SCATS Site
553,BALLYFERMOT RD @ O-HOGAN RD,ballyfermot rd @ o-hogan rd,WCITY1,53.34239,-6.338905,SCATS Site
554,BALLYFERMOT RD @ BLACKDITCH DR,ballyfermot rd @ blackditch dr,WCITY1,53.3431763,-6.3650815,SCATS Site
555,BALLYMUN RD @ DCU,ballymun rd @ dcu,NCITY,53.3843805,-6.2652356,SCATS Site
556,FINGLAS RD @ GLASNEVIN CEMETERY,finglas rd @ glasnevin cemetery,NCITY,53.3697792,-6.277816711,SCATS Site
557,BALLYMUN RD @ COMPREHENSIVE SCHOOL,ballymun rd @ comprehensive school,NULL,53.393176,-6.263567,Signal Site
558,WHITWORTH RD @ CLAUDE RD,whitworth rd @ claude rd,NULL,53.363385,-6.265871,Signal Site
559,CUSTOM HOUSE QY @ COMMON ST,custom house qy @ common st,CCITY,53.34793052,-6.246103994,SCATS Site
560,HOMEFARM RD @ FERGUSON RD,homefarm rd @ ferguson rd,NULL,53.374524,-6.256956,Signal Site
561,HOWTH RD @ SUPERVALUE,howth rd @ supervalue,WCITY1,53.38010538,-6.177531807,SCATS Site
562,BOTANIC AVE @ MANNIX RD,botanic ave @ mannix rd,NULL,53.368628,-6.260838,Signal Site
563,BOTANIC AVE @ BOTANIC PARK,botanic ave @ botanic park,NULL,53.370281,-6.263775,Signal Site
564,EGLINTON RD @ EGLINTON SQ,eglinton rd @ eglinton sq,NULL,53.319071,-6.234046,Signal Site
565,IONA RD @ CHURCH,iona rd @ church,NULL,53.365964,-6.264514,Signal Site
566,BALLYMUN RD @ SANTRY AVE,ballymun rd @ santry ave,DCC1,53.40150126,-6.264615655,SCATS Site
568,FINGLAS VILLAGE,finglas village,WCITY1,53.38881722,-6.298634242,SCATS Site
569,GRANGE RD / HOWTH VIEW PK,grange rd / howth view pk,,53.394033,-6.166281,SCATS Site
570,OLD FINGLAS RD @ VIOLET HILL RD,old finglas rd @ violet hill rd,NCITY,53.37808875,-6.28258769,SCATS Site
571,N32 @ BELCAMP COLLEGE,n32 @ belcamp college,NCITY,53.4046087,-6.1883813,SCATS Site
573,NAAS RD @ THE GAP (LUAS),naas rd @ the gap (luas),WCITY1,53.33266689,-6.329490687,SCATS Site
574,CLOGHER RD @ PEARSE COLLEGE,clogher rd @ pearse college,NULL,53.326239,-6.294569,Signal Site
575,RAHENY RD @ GRANGE PARK RD,raheny rd @ grange park rd,NCITY,53.38694732,-6.17362034,SCATS Site
576,PALMERSTON RD @ COWPER RD,palmerston rd @ cowper rd,NULL,53.316102,-6.258838,Signal Site
577,DUNVILLE AVE @ SHUTTLE (LUAS),dunville ave @ shuttle (luas),SCITY,53.32107133,-6.254677774,SCATS Site
578,MELLOWS RD @ SWIMMING POOL,mellows rd @ swimming pool,NCITY,53.3898106,-6.3056651,SCATS Site
579,TOLKA VALLEY RD @ ST HELENA'S RD,tolka valley rd @ st helena's rd,NULL,53.37877,-6.296612,Signal Site
580,TOLKA VALLEY RD @ CARDIFFISBRIDGE RD,tolka valley rd @ cardiffisbridge rd,NULL,53.379361,-6.310933,Signal Site
582,BRIDGE ST @ COOKE ST,bridge st @ cooke st,CCITY,53.34419545,-6.276349215,SCATS Site
583,BEAVER ROW @ BEECH HILL AV,beaver row @ beech hill av,SCITY,53.318081,-6.233528,SCATS Site
584,EAST WALL RD @ SHERRIF ST,east wall rd @ sherrif st,NCITY,53.34966933,-6.22692356,SCATS Site
585,GRANGE RD @ DONAGHMEDE SHOPPING CENTRE,grange rd @ donaghmede shopping centre,NCITY,53.395425,-6.163114,SCATS Site
586,MALAHIDE RD @ ELM MOUNT RD,malahide rd @ elm mount rd,NCITY,53.3773202,-6.2155529,SCATS Site
587,WALKINSTOWN R'ABOUT @ KESTRAL,walkinstown r'about @ kestral,NULL,53.317764,-6.332609,Signal Site
588,SCR @ HERBERTON RD/UPPERCROSS RD,scr @ herberton rd/uppercross rd,SCITY,53.3359902,-6.2988976,SCATS Site
589,PEMBROKE ST @ IRISHTOWN RD,pembroke st @ irishtown rd,NULL,53.340156,-6.223261,Signal Site
590,GRANGE RD @ COMMUNITY SCHOOL,grange rd @ community school,NULL,53.399648,-6.159334,Signal Site
591,KILMORE RD @ MARYFIELD CRESCENT,kilmore rd @ maryfield crescent,NCITY,53.3826664,-6.2129617,SCATS Site
592,BALCURRIS RD /SILLOGUE PED,balcurris rd /sillogue ped,NULL,53.396963,-6.267111,Signal Site
593,ALFIE BYRNE RD @ DART STATION,alfie byrne rd @ dart station,NCITY,53.36109691,-6.227780202,SCATS Site
594,MALAHIDE RD @ BRIAN RD,malahide rd @ brian rd,NCITY,53.3680694,-6.2274334,SCATS Site
595,BLACKHORSE AVE @ GLENBEIGH RD,blackhorse ave @ glenbeigh rd,NULL,53.356639,-6.29659,Signal Site
596,GRIFFITH AVE @ BERESFORD ESTATE,griffith ave @ beresford estate,NCITY,53.3745192,-6.2458056,SCATS Site
597,NAVAN RD @ ASHTOWN GR,navan rd @ ashtown gr,WCITY1,53.369758,-6.32459,SCATS Site
598,STRAND RD @ MARINE DR,strand rd @ marine dr,NULL,53.3346469,-6.2142741,Signal Site
599,TERENURE PL @ TEMPLEOGUE RD,terenure pl @ templeogue rd,SCITY,53.3094976,-6.2847642,SCATS Site
600,EAST WALL RD @ DUBLIN PORT,east wall rd @ dublin port,NCITY,53.3524713,-6.224957739,SCATS Site
601,NAVAN RD @ ASHTOWN R'ABOUT,navan rd @ ashtown r'about,NULL,53.3717,-6.332251,Signal Site
602,GLASNEVIN AVE @ LANEWAY,glasnevin ave @ laneway,NULL,53.390134,-6.2745,Signal Site
603,MALAHIDE RD @ ARDLEA RD (NORTH-SOUTH),malahide rd @ ardlea rd (north-south),NCITY,53.38294666,-6.20465646,SCATS Site
604,MALAHIDE RD @ ARDLEA RD (EAST-WEST),malahide rd @ ardlea rd (east-west),NCITY,53.3826216,-6.2062264,SCATS Site
605,SWORDS RD @ IVERAGH RD,swords rd @ iveragh rd,NCITY,53.3811174,-6.2454129,SCATS Site
606,CRUMLIN RD @ ARDAGH RD,crumlin rd @ ardagh rd,WCITY1,53.32887825,-6.303362208,SCATS Site
607,BLACKHORSE AVE @ TURNSTYLE PUB,blackhorse ave @ turnstyle pub,NULL,53.364969,-6.319266,Signal Site
608,MALAHIDE RD @ ST BRENDANS CHURCH,malahide rd @ st brendans church,NCITY,53.38808855,-6.199225223,SCATS Site
610,MOREHAMPTON RD @ WELLINGTON PL,morehampton rd @ wellington pl,SCITY,53.32764353,-6.244392851,SCATS Site
611,OSCAR TRAYNOR RD @ CLONSHAUGH RD,oscar traynor rd @ clonshaugh rd,NCITY,53.3962867,-6.2169049,SCATS Site
612,ABBEY STREET MIDDLE @ LIFFEY ST (LUAS),abbey street middle @ liffey st (luas),CCITY,53.34793766,-6.263643766,SCATS Site
613,LEESON ST @ DARTMOUTH RD,leeson st @ dartmouth rd,SCITY,53.3306178,-6.2518993,SCATS Site
614,SUSSEX RD @ BURLINGTON RD,sussex rd @ burlington rd,SCITY,53.32930203,-6.248420171,SCATS Site
615,DONNYBROOK RD @ EGLINTON RD,donnybrook rd @ eglinton rd,SCITY,53.319603,-6.232702,SCATS Site
616,KILBARRON RD @ TRIM RD,kilbarron rd @ trim rd,NULL,53.3930897,-6.2213413,Signal Site
617,TONLEGEE RD / MOATFIELD RD,tonlegee rd / moatfield rd,NCITY,53.38990084,-6.193174381,SCATS Site
618,RANELAGH @ SALLYMOUNT AVE,ranelagh @ sallymount ave,SCITY,53.3241866,-6.2523517,SCATS Site
619,ERRIGAL RD @ BRANDON RD,errigal rd @ brandon rd,WCITY1,53.32638273,-6.32219781,SCATS Site
620,WELLINGTON RD @ CLYDE RD,wellington rd @ clyde rd,NULL,53.328099,-6.241527,Signal Site
622,AUNGIER ST @ LONGFORD ST,aungier st @ longford st,SCITY,53.340691,-6.265586,SCATS Site
623,RATHGAR RD / GROSVENOR RD @ CHARLEVILLE RD ,rathgar rd / grosvenor rd @ charleville rd ,SCITY,53.321366,-6.267498,SCATS Site
624,GRIFFITH AV @ WALNUT RISE (COURTLANDS),griffith av @ walnut rise (courtlands),NCITY,53.3774714,-6.2580005,SCATS Site
625,HALFPENNY BRIDGE ,halfpenny bridge ,CCITY,53.34566978,-6.26503475,SCATS Site
626,KILBARRACK RD @ THORNVILLE RD,kilbarrack rd @ thornville rd,NCITY,53.38913522,-6.152513016,SCATS Site
627,CASTLE AV @ SEAFIELD RD,castle av @ seafield rd,NULL,53.3652453,-6.204829,Signal Site
628,PRUSSIA ST @ AUGHRIM ST,prussia st @ aughrim st,CCITY,53.35331181,-6.285299255,SCATS Site
629,CRUMLIN RD @ RAFTERS RD,crumlin rd @ rafters rd,WCITY1,53.32674015,-6.313319206,SCATS Site
630,MOUNT PROSPECT AVE @ CLONTARF RD,mount prospect ave @ clontarf rd,NCITY,53.36684735,-6.17264609,SCATS Site
631,VERNON AVE @ MOUNT PROSPECT AVE,vernon ave @ mount prospect ave,NCITY,53.36716065,-6.194883585,Signal Site
632,VERNON AVE @ SYBIL HILL RD,vernon ave @ sybil hill rd,NCITY,53.3692689,-6.1944541,Signal Site
633,VERNON AVE @ KINCORA RD,vernon ave @ kincora rd,NULL,53.362396,-6.19604,Signal Site
634,GRANGE RD @ GRANGE ABBEY,grange rd @ grange abbey,NCITY,53.39845917,-6.16003412,SCATS Site
635,GRANGE RD @ DONAGHMEDE PK,grange rd @ donaghmede pk,NCITY,53.39824711,-6.156052823,SCATS Site
636,STRAND RD @ ST ALBANS PARK,strand rd @ st albans park,NULL,53.3202912,-6.2059826,Signal Site
637,KEEPER RD @ HERBERTON RD,keeper rd @ herberton rd,WCITY1,53.33122057,-6.297950149,SCATS Site
638,STANNAWAY RD @ BANGOR RD,stannaway rd @ bangor rd,NULL,53.320579,-6.2983354,Signal Site
639,TONLEGEE RD @ SPRINGDALE ROAD,tonlegee rd @ springdale road,NULL,53.3902525,-6.1915019,Signal Site
640,COLLINS AVE @ DCU,collins ave @ dcu,NCITY,53.3862135,-6.2549866,SCATS Site
641,TEMPLEOGUE RD @ TERENURE COLLEGE,templeogue rd @ terenure college,SCITY,53.30386386,-6.293915394,SCATS Site
642,TEMPLEOGUE RD @ BUSGATE,templeogue rd @ busgate,SCITY,53.30570543,-6.290911843,SCATS Site
647,NCR @ O'CONNELLS SCHOOL,ncr @ o'connells school,NCITY,53.3575631,-6.251277,SCATS Site
648,SHELBOURNE RD / CRAMPTON AVE,shelbourne rd / crampton ave,SCITY,53.33213808,-6.231785119,SCATS Site
649,SKELLYS LANE / WHITETHORN RISE,skellys lane / whitethorn rise,NULL,53.3843923,-6.2210689,SCATS Site
650,MILLTOWN RD @ ST ANNES,milltown rd @ st annes,SCITY,53.313149,-6.2470577,SCATS Site
651,SARSFIELD RD @ LANDON RD,sarsfield rd @ landon rd,WCITY1,53.342196,-6.32894,SCATS Site
652,BALLYGALL RD EAST @ CHURCH,ballygall rd east @ church,NULL,53.383702,-6.2765,Signal Site
653,NICHOLAS ST @ BULL ALLEY ST,nicholas st @ bull alley st,SCITY,53.34059504,-6.27239547,SCATS Site
654,SARSFIELD RD @ CONCOLBERT RD (RAILWAY BRIDGE),sarsfield rd @ concolbert rd (railway bridge),WCITY1,53.342091,-6.325348,SCATS Site
655,CLONTARF RD / SEAVIEW AVE NTH,clontarf rd / seaview ave nth,NCITY,53.36130857,-6.214753217,SCATS Site
656,COLLINS AVE / CELTIC PK RD,collins ave / celtic pk rd,NULL,53.3785341,-6.2300358,Signal Site
658,RINGSEND @ BARROW ST,ringsend @ barrow st,CCITY,53.3420237,-6.2365483,SCATS Site
659,GRACE PARK RD / SION HILL RD,grace park rd / sion hill rd,NCITY,53.37593724,-6.242346615,SCATS Site
660,NORTH WALL QUAY @ GUILD ST,north wall quay @ guild st,CCITY,53.34760463,-6.241201531,SCATS Site
661,EMMET RD @ LUBY RD,emmet rd @ luby rd,NULL,53.340641,-6.311762,Signal Site
662,MERCER ST @ YORK ST,mercer st @ york st,CCITY,53.33925692,-6.264346684,SCATS Site
663,MERCER ST @ CAR PARK,mercer st @ car park,CCITY,53.3397015,-6.264034095,SCATS Site
664,ST JOHNS RD @ MILITARY RD,st johns rd @ military rd,WCITY1,53.34579617,-6.29618408,SCATS Site
665,LORD EDWARD ST / FISHAMBLE ST (& LORD EDWARD ST @ COWS LANE),lord edward st / fishamble st (& lord edward st @ cows lane),CCITY,53.34360607,-6.270067957,SCATS Site
666,DAME ST @ OLYMPIA,dame st @ olympia,CCITY,53.3441691,-6.2662089,SCATS Site
667,NAVAN RD @ LIBRARY,navan rd @ library,WCITY1,53.362105,-6.299983,SCATS Site
668,HARCOURT ST PED (LUAS),harcourt st ped (luas),SCITY,53.336765,-6.2631501,SCATS Site
670,RATOATH RD @ JOHN PAUL PARK,ratoath rd @ john paul park,NCITY,53.36807279,-6.30378423,SCATS Site
671,RATHMINES RD UPPER @ RATHMINES CLOSE,rathmines rd upper @ rathmines close,NULL,53.316773,-6.265523,Signal Site
672,GLASNEVIN AVE @ AUTOBAHN,glasnevin ave @ autobahn,NCITY,53.38994938,-6.272031963,SCATS Site
676,COLDCUT RD @ CLOVER HILL RD,coldcut rd @ clover hill rd,WCITY1,53.34656,-6.383297,SCATS Site
677,EAST WALL RD @ ALEXANDRA RD,east wall rd @ alexandra rd,NCITY,53.35125441,-6.225855344,SCATS Site
679,DRIMNAGH RD @ SLIEVEBLOOM RD,drimnagh rd @ slievebloom rd,WCITY1,53.324163,-6.327237,SCATS Site
680,OSCAR TRAYNOR RD @ COOLOCK VILLAGE,oscar traynor rd @ coolock village,WCITY1,53.390168,-6.199851,SCATS Site
682,NORTH KING ST @ COLRAINE/LINNENHALL,north king st @ colraine/linnenhall,NULL,53.350294,-6.272273,Signal Site
684,TERENURE RD EAST BUSGATE,terenure rd east busgate,SCITY,53.31101916,-6.27828166,SCATS Site
686,RATHMINES RD @ RATHMINES COLLEGE,rathmines rd @ rathmines college,SCITY,53.3254722,-6.2652374,SCATS Site
687,OLD FINGLAS RD @ ST. BRIGIDS SCHOOL,old finglas rd @ st. brigids school,NULL,53.377189,-6.275296,Signal Site
688,BLUNDEN DRIVE @ AYRFIELD CHURCH,blunden drive @ ayrfield church,NULL,53.396567,-6.182179,Signal Site
689,NEWBROOK RD @ NEWBROOK AVE,newbrook rd @ newbrook ave,NULL,53.394581,-6.160919,Signal Site
690,BALLYMUN RD @ OLD FINGLAS RD,ballymun rd @ old finglas rd,WCITY1,53.3761333,-6.2700266,SCATS Site
691,SWORDS RD @ REGENCY HOTEL,swords rd @ regency hotel,NCITY,53.37761719,-6.248155097,SCATS Site
692,KYLEMORE RD @ LANDEN RD,kylemore rd @ landen rd,WCITY1,53.337597,-6.347597,SCATS Site
693,TERENURE RD WEST @ GREENLEA RD,terenure rd west @ greenlea rd,SCITY,53.3105567,-6.289794,SCATS Site
694,BROOKWOOD AVE @ BROOKWOOD RISE,brookwood ave @ brookwood rise,WCITY1,53.37730147,-6.196350693,SCATS Site
695,SYBIL HILL RD @ ST PAULS SCHOOL,sybil hill rd @ st pauls school,NULL,53.373275,-6.194027,Signal Site
696,VERNON AVE @ BLACKHEATH,vernon ave @ blackheath,NCITY,53.36589,-6.195127,SCATS Site
697,CASTLE AVE @ BLACKHEATH,castle ave @ blackheath,NULL,53.366931,-6.203993,Signal Site
699,HAROLD'S CROSS RD / MOUNT ARGUS RD,harold's cross rd / mount argus rd,SCITY,53.324038,-6.279767,SCATS Site
700,FASSAUGH AVE / KILLALA RD,fassaugh ave / killala rd,NULL,53.367348,-6.299733,Signal Site
701,MALAHIDE RD @ CASINO PK,malahide rd @ casino pk,DCC1,53.372135,-6.22266,SCATS Site
702,BUSHY PARK RD @ RIVERSIDE AVE,bushy park rd @ riverside ave,NULL,53.307467,-6.278622,Signal Site
703,MOBHI RD @ STELLA AVE,mobhi rd @ stella ave,NULL,53.377002,-6.264728,Signal Site
704,MOBHI RD @ ST MOBHI DRIVE,mobhi rd @ st mobhi drive,NCITY,53.3728606,-6.26581192,SCATS Site
705,RATOATH RD @ VALLEY PARK RD,ratoath rd @ valley park rd,NULL,53.382966,-6.317987,Signal Site
706,LONDONBRIDGE RD @ SHUTTLE,londonbridge rd @ shuttle,SCITY,53.337647,-6.226662,SCATS Site
707,RICHMOND VILLA'S @ SOUTH RICHMOND ST,richmond villa's @ south richmond st,SCITY,53.331854,-6.264628,SCATS Site
708,SEVILLE PLACE @ ORIEL ST,seville place @ oriel st,CCITY,53.35236989,-6.243559804,SCATS Site
709,PHILIPSBURGH AVE @ SHUTTLE,philipsburgh ave @ shuttle,WCITY1,53.3679443,-6.2395667,SCATS Site
710,JERVIS ST/SWIFT ROW @ STRAND ST,jervis st/swift row @ strand st,CCITY,53.3468032,-6.2659467,SCATS Site
711,CAPEL ST @ STRAND ST (LUAS),capel st @ strand st (luas),CCITY,53.34648366,-6.268027771,SCATS Site
712,PHILIPSBURGH AVE @ MELROSE AVE,philipsburgh ave @ melrose ave,NCITY,53.36483797,-6.239865205,SCATS Site
713,ARTANE CASTLE RDB @ KILMORE RD,artane castle rdb @ kilmore rd,NULL,53.38453092,-6.216289748,Signal Site
714,PORTLAND ROW @ DUNNE ST,portland row @ dunne st,CCITY,53.35602971,-6.248369515,SCATS Site
715,GLASNEVIN HILL @ CHURCH,glasnevin hill @ church,NCITY,53.3733333,-6.2686406,SCATS Site
716,RATOATH RD @ CAPPAGH RD,ratoath rd @ cappagh rd,NCITY,53.39085398,-6.319652536,SCATS Site
717,MEMORIAL PK RD @ INCHICORE RD,memorial pk rd @ inchicore rd,WCITY1,53.34198093,-6.316827536,SCATS Site
718,MOUNTJOY SQ WEST @ GRENVILLE ST,mountjoy sq west @ grenville st,CCITY,53.355731,-6.257995,SCATS Site
720,CORK ST @ COOMBE/DEAN ST,cork st @ coombe/dean st,SCITY,53.339405,-6.274768,SCATS Site
722,ADELAIDE ROAD @ PETERS PLACE (LUAS),adelaide road @ peters place (luas),SCITY,53.33270331,-6.2604787,SCATS Site
723,AILESBURY ROAD @ CHURCH,ailesbury road @ church,NULL,53.319448,-6.230166,Signal Site
724,SEAN MOORE RD @ PINE RD,sean moore rd @ pine rd,SCITY,53.34024873,-6.21476547,SCATS Site
725,PIGEON HOUSE RD @ TOM CLARKE BRIDGE,pigeon house rd @ tom clarke bridge,CCITY,53.3426237,-6.215042,SCATS Site
726,BALLYMUN RD @ COULTRY GARDENS/CHURCH,ballymun rd @ coultry gardens/church,NULL,53.399607,-6.26408,Signal Site
727,MALAHIDE RD @ N32,malahide rd @ n32,NCITY,53.40293827,-6.179582458,SCATS Site
728,RICHMOND RD @ GRACE PARK RD,richmond rd @ grace park rd,NULL,53.3674745,-6.2508214,Signal Site
729,CORK ST @ ARDEE ST,cork st @ ardee st,SCITY,53.33867,-6.279439,SCATS Site
730,FAUSSAGH AVE @ CHURCH,faussagh ave @ church,NULL,53.367229,-6.295876,Signal Site
731,FAUSSAGH RD @ GAA CLUB,faussagh rd @ gaa club,NULL,53.365371,-6.28926,Signal Site
733,CORK ST @ DONORE AVE/MARROWBONE LANE,cork st @ donore ave/marrowbone lane,SCITY,53.337258,-6.286343,SCATS Site
734,ALFIE BYRNE RD @ EAST PT BUSINESS PK,alfie byrne rd @ east pt business pk,NCITY,53.359634,-6.23199,SCATS Site
735,MALAHIDE RD @ GROVE LANE,malahide rd @ grove lane,NCITY,53.4016374,-6.1807596,SCATS Site
736,BROOKWOOD AVE,brookwood ave,NULL,53.38053,-6.200682,Signal Site
737,BROOKWOOD RISE,brookwood rise,NULL,53.3785,-6.193925,Signal Site
738,TYRCONNELL RD @ JAMESTOWN RD,tyrconnell rd @ jamestown rd,WCITY1,53.33480041,-6.32773608,SCATS Site
739,IRISHTOWN RD  @ HEALTH CENTRE,irishtown rd  @ health centre,NULL,53.34119,-6.225724,Signal Site
740,GRACE PARK RD @ ROSMINI,grace park rd @ rosmini,NULL,53.3716879,-6.2450338,Signal Site
741,NORTH KING ST / QUEEN ST,north king st / queen st,WCITY1,53.3499139,-6.280252253,SCATS Site
742,BRUNSWICK ST @ GEORGES LANE,brunswick st @ georges lane,WCITY1,53.35052969,-6.279824442,SCATS Site
743,BLACKHALL PLACE @ BLACKHALL ST,blackhall place @ blackhall st,CCITY,53.348685,-6.281942,SCATS Site
744,ST STEPHENS GREEN @ NEWMAN CHURCH,st stephens green @ newman church,SCITY,53.3367547,-6.2598865,SCATS Site
745,BALLYMUN RD @ SHANGAN / SHOPPING CENTRE,ballymun rd @ shangan / shopping centre,IRE,53.39654693,-6.264009476,SCATS Site
746,NORTH WALL QUAY @ EXCISE WALK,north wall quay @ excise walk,CCITY,53.3478008,-6.243842338,SCATS Site
747,MAIN ST RAHENY @ WATERMILL RD,main st raheny @ watermill rd,NCITY,53.3792776,-6.1752111,SCATS Site
748,HOWTH RD RAHENY @  ST ASSAMS RD WEST/BANK OF IRELAND,howth rd raheny @  st assams rd west/bank of ireland,WCITY1,53.38032768,-6.172593241,SCATS Site
749,SCR @ BLOOMFIELD AVE,scr @ bloomfield ave,SCITY,53.33230783,-6.271553227,SCATS Site
750,DRUMCONDRA RD @ BOTANIC AVE,drumcondra rd @ botanic ave,NCITY,53.3674069,-6.2553931,SCATS Site
751,SCR @ WASHINGTON ST,scr @ washington st,SCITY,53.3314719,-6.2790499,SCATS Site
752,KILDARE RD @ BANGOR RD,kildare rd @ bangor rd,WCITY1,53.32493616,-6.302289368,SCATS Site
753,BLACK HALL ST @ QUEEN ST,black hall st @ queen st,WCITY1,53.348446,-6.279865,SCATS Site
754,CORK ST @ COOMBE HOSPITAL,cork st @ coombe hospital,SCITY,53.33536899,-6.289478391,SCATS Site
755,BALLYMUN RD @ GATEWAY CRESCENT NTH/STH,ballymun rd @ gateway crescent nth/sth,NCITY,53.3942251,-6.2640546,SCATS Site
756,BALLYFERMOT RD @ LE FANU RD,ballyfermot rd @ le fanu rd,WCITY1,53.342419,-6.356215,SCATS Site
757,NORTH BRUNSWICK ST @ SCHOOL,north brunswick st @ school,NULL,53.350682,-6.276794,Signal Site
758,LEESON ST FITZWILLIAM PL @ ADELAIDE RD,leeson st fitzwilliam pl @ adelaide rd,SCITY,53.3324442,-6.2531583,SCATS Site
759,CORK ST / ST LUKES AVE / BRABAZON ST,cork st / st lukes ave / brabazon st,NULL,53.33873452,-6.27796845,SCATS Site
760,BLACKHALL ST BRIDGE @ USHERS ISLAND (JOYCE BRIDGE SOUTH),blackhall st bridge @ ushers island (joyce bridge south),CCITY,53.34639164,-6.282639314,SCATS Site
761,BLACKHALL ST BRIDGE @ ELLIS QUAY (JOYCE BRIDGE NORTH),blackhall st bridge @ ellis quay (joyce bridge north),CCITY,53.346885,-6.282501,SCATS Site
762,BALLYFERMOT RD @ DE LA SALLE SCHOOL,ballyfermot rd @ de la salle school,NULL,53.342289,-6.343675,Signal Site
763,BALLYMUN RD @ HAMSTEAD AVE,ballymun rd @ hamstead ave,NULL,53.380966,-6.265633,Signal Site
764,LEESON ST @ CUS,leeson st @ cus,SCITY,53.3348904,-6.25591674,SCATS Site
765,MOUNT ST @ LOVE LANE,mount st @ love lane,DCC1,53.337936,-6.2415366,SCATS Site
766,EDENMORE VILLAGE @ SHOPS,edenmore village @ shops,NULL,53.388335,-6.182174,Signal Site
767,LONGMILE RD @ SCHOOL ITT & OOT,longmile rd @ school itt & oot,WCITY1,53.323834,-6.33406,SCATS Site
768,DAVITT RD @ LANSDOWNE VALLEY PAKE PED CROSSING (LUAS),davitt rd @ lansdowne valley pake ped crossing (luas),NULL,53.334158,-6.326539,Signal Site
769,DAVITT RD @ KILWORTH RD (LUAS),davitt rd @ kilworth rd (luas),WCITY1,53.33434393,-6.325080693,SCATS Site
770,DAVITT RD @ SPERRIN RD PED CROSSING (LUAS),davitt rd @ sperrin rd ped crossing (luas),WCITY1,53.33527529,-6.317468584,SCATS Site
771,JAMES ST @ STEVENS LANE (LUAS),james st @ stevens lane (luas),WCITY1,53.34324077,-6.290988583,SCATS Site
772,BENBURB ST @ TEMPLE STREET WEST (LUAS),benburb st @ temple street west (luas),CCITY,53.3480536,-6.2897224,SCATS Site
773,BENBURB ST @ QUEEN ST (LUAS),benburb st @ queen st (luas),CCITY,53.34718312,-6.28015948,SCATS Site
774,SMITHFIELD CROSSING (LUAS),smithfield crossing (luas),CCITY,53.3471557,-6.278310944,SCATS Site
775,BOW STREET CROSSING (LUAS),bow street crossing (luas),CCITY,53.347111,-6.276985,SCATS Site
776,CHURCH ST @ CHANCERY ST (LUAS),church st @ chancery st (luas),CCITY,53.34707,-6.274992,SCATS Site
777,CHANCERY ST @ CHANCERY PLACE (LUAS),chancery st @ chancery place (luas),CCITY,53.34680112,-6.27284357,SCATS Site
778,CHANCERY ST @ ARRAN STREET EAST (LUAS),chancery st @ arran street east (luas),CCITY,53.34689962,-6.27047036,SCATS Site
780,ADELAIDE ROAD @ HOSPITAL,adelaide road @ hospital,NULL,53.332423,-6.256284,Signal Site
781,MILLTOWN RD @ COLLEGE ENTRANCE  (RICHMOND ST SOUTH) (LUAS),milltown rd @ college entrance  (richmond st south) (luas),SCITY,53.31049515,-6.251933165,SCATS Site
782,O CONNELL ST @ PRINCES ST NORTH,o connell st @ princes st north,CCITY,53.34907,-6.26005,SCATS Site
783,BULFIN RD @ THE SHOPS,bulfin rd @ the shops,NULL,53.340414,-6.315466,Signal Site
785,N32 @ BEWLEYS,n32 @ bewleys,DCC1,53.4042,-6.183673,SCATS Site
786,TEMPLEOGUE RD @ LAKELAND PK,templeogue rd @ lakeland pk,NULL,53.305697,-6.290874,Signal Site
787,COOLOCK VILLAGE @ ULSTER BANK,coolock village @ ulster bank,NULL,53.387864,-6.200876,Signal Site
788,GALTYMORE @ THE SHOPS,galtymore @ the shops,NULL,53.334098,-6.319621,Signal Site
789,GILFORD RD PED,gilford rd ped,NULL,53.330668,-6.215795,Signal Site
790,SANDYMOUNT RD PED,sandymount rd ped,NULL,53.335698,-6.220275,Signal Site
791,HOWTH RD @ HOLLYBROOK PARK,howth rd @ hollybrook park,WCITY1,53.36685706,-6.218630618,SCATS Site
792,WELLMOUNT RD @ ST MICHAELS SCHOOL,wellmount rd @ st michaels school,NULL,53.386831,-6.301838,Signal Site
793,ESSEX QUAY @ EXCHANGE ST LOWER,essex quay @ exchange st lower,CCITY,53.3452253,-6.2689572,SCATS Site
794,KILBARRACK RD @ THE DART STATION,kilbarrack rd @ the dart station,DCC1,53.38994621,-6.15647851,SCATS Site
795,CHAPELIZOD ROAD @ KING'S HALL (PED),chapelizod road @ king's hall (ped),NULL,53.347657,-6.341119,Signal Site
796,EDEN QUAY,eden quay,CCITY,53.34793861,-6.257392184,SCATS Site
797,MALAHIDE RD / CLARE HALL SHOPPING CENTRE,malahide rd / clare hall shopping centre,NCITY,53.40095105,-6.182459776,SCATS Site
798,BALLYBOGGAN RD @ RATOATH RD,ballyboggan rd @ ratoath rd,NCITY,53.3768108,-6.309315111,SCATS Site
799,KYLEMORE RD @ NEW ACCESS ROAD TO JAMESTOWN RD #,kylemore rd @ new access road to jamestown rd #,NULL,53.33494514,-6.346468127,Signal Site
800,KILLEEN RD @ PARK WEST IND EST,killeen rd @ park west ind est,WCITY1,53.33302574,-6.355620325,SCATS Site
801,ST STEPHENS GREEN @ HUME ST,st stephens green @ hume st,CCITY,53.3379826,-6.255803283,SCATS Site
802,COLLINS AVE @ CLANAWLEY RD,collins ave @ clanawley rd,NULL,53.373101,-6.20985,Signal Site
803,PRIORSWOOD RD @ BUTTERCUP PARK,priorswood rd @ buttercup park,NULL,53.397814,-6.188098,Signal Site
805,SPRINGDALE RD @ ST JOSEPHS HOSPITAL,springdale rd @ st josephs hospital,NULL,53.382742,-6.179632,Signal Site
806,NUTLEY LANE @ ST VINCENTS HOSPITAL,nutley lane @ st vincents hospital,SCITY,53.31763,-6.215483,SCATS Site
807,"CITY QUAY, LOMBARD ST","city quay, lombard st",CCITY,53.34669897,-6.247829761,SCATS Site
808,CUSTOM HOUSE QUAY @ SEAN O'CASEY BRIDGE,custom house quay @ sean o'casey bridge,CCITY,53.34804971,-6.247895921,SCATS Site
809,VERNON AVE @ CRC,vernon ave @ crc,NULL,53.370071,-6.201194,Signal Site
810,CARDIFFSBRIDGE RD @ DEANSTOWN AVE,cardiffsbridge rd @ deanstown ave,NULL,53.383593,-6.311929,Signal Site
811,HOWTH RD @ ENNAFORT PARK,howth rd @ ennafort park,WCITY1,53.37747505,-6.187212576,SCATS Site
812,MERRION RD @ SYDNEY PARADE AVE,merrion rd @ sydney parade ave,SCITY,53.319423,-6.213612,SCATS Site
813,PARK WEST AVE @ PARK WEST,park west ave @ park west,NULL,53.331412,-6.373321,Signal Site
814,BUNRATTY RD @ CIVIC CENTRE,bunratty rd @ civic centre,NULL,53.393521,-6.207428,Signal Site
815,MCKELVEY RD /ST MARGARETS RD,mckelvey rd /st margarets rd,NULL,53.399463,-6.303263,Signal Site
816,DPT 1,dpt 1,NCITY,53.3533472,-6.2233522,SCATS Site
817,DPT 2,dpt 2,NCITY,53.3542989,-6.2244639,SCATS Site
818,DPT 3,dpt 3,NCITY,53.35466094,-6.221082658,SCATS Site
819,GRAND CANAL ST @ BARROW ST,grand canal st @ barrow st,NULL,53.338312,-6.236822,Signal Site
820,GLIN RD @ MACROOM RD,glin rd @ macroom rd,NULL,53.399339,-6.205722,Signal Site
821,JAMESTOWN RD @ SYCAMORE RD,jamestown rd @ sycamore rd,NCITY,53.3965717,-6.2938033,SCATS Site
822,N32 / CLONSHAUGH RD,n32 / clonshaugh rd,NCITY,53.4095579,-6.2142442,SCATS Site
826,BALLYFERMOT RD @ LIDL,ballyfermot rd @ lidl,WCITY1,53.343796,-6.372084,SCATS Site
828,BALLYMUN RD @ CIVIC OFFICES,ballymun rd @ civic offices,DCC1,53.3956933,-6.2640744,SCATS Site
830,SWORDS RD @ WHITEHALL CHURCH,swords rd @ whitehall church,NCITY,53.3840774,-6.2436444,SCATS Site
832,FAIRVIEW STRAND @RICHMOND RD,fairview strand @richmond rd,NCITY,53.36240082,-6.242117291,SCATS Site
833,PEARSE ST @ BOLANDS BRIDGE PED,pearse st @ bolands bridge ped,DCC1,53.34247966,-6.23919209,SCATS Site
834,M1/COOLOCK INTERCHANGE RAMP,m1/coolock interchange ramp,NCITY,53.39810787,-6.23868547,SCATS Site
835,SWORDS RD NTHBND @ TUNNEL PORTAL,swords rd nthbnd @ tunnel portal,NCITY,53.396273,-6.23979,SCATS Site
836,WATERLOO RD @ BURLINGTON RD,waterloo rd @ burlington rd,NULL,53.33118,-6.244276,Signal Site
838,ST JOHNS RD @ HEUSTON S.Q.,st johns rd @ heuston s.q.,WCITY1,53.345455,-6.299534,SCATS Site
839,CLONTARF RD @ DOLLYMOUNT PARK,clontarf rd @ dollymount park,NCITY,53.36289792,-6.17840837,SCATS Site
840,CAPEL ST @ MARY ST,capel st @ mary st,NULL,53.348519,-6.268828,Signal Site
841,BLUNDEN DRIVE @ DARNDALE ROUNDABOUT,blunden drive @ darndale roundabout,NULL,53.397227,-6.185557,Signal Site
842,NCR @ MATER HOSPITAL,ncr @ mater hospital,NULL,53.360463,-6.2674779,Signal Site
843,CONYNGHAM RD @ PHOENIX PARK,conyngham rd @ phoenix park,NULL,53.348227,-6.301325,Signal Site
844,HERBERT PARK @ THE PARK,herbert park @ the park,NULL,53.328973,-6.233176,Signal Site
844,HERBERT PARK @ THE PARK,herbert park @ the park,SCITY,53.328973,-6.233176,SCATS Site
845,HIGHFIELD RD @ THE CHURCH,highfield rd @ the church,NULL,53.312383,-6.272338,Signal Site
846,ANGLESEA RD PED,anglesea rd ped,NULL,53.321519,-6.23054,Signal Site
848,ROCK RD @ ELM PARK,rock rd @ elm park,DCC1,53.3138185,-6.2028282,SCATS Site
849,RANELAGH RD @ LUAS STATION,ranelagh rd @ luas station,NULL,53.326105,-6.255747,Signal Site
850,EAST RD @ CHURCH RD,east rd @ church rd,NCITY,53.35206774,-6.232771734,SCATS Site
851,DARNDALE @ COMMUNITY CENTRE,darndale @ community centre,NCITY,53.40093736,-6.194885252,SCATS Site
852,BERKLEY ST @ NELSON ST,berkley st @ nelson st,NULL,53.3567389,-6.267994,Signal Site
853,COLLINS AVE EAST @ CLANCARTHY RD,collins ave east @ clancarthy rd,NULL,53.375017,-6.217651,Signal Site
854,MERRION ROAD @ MERLYN DRIVE,merrion road @ merlyn drive,NULL,53.322266,-6.218324,Signal Site
855,SEVILLE PLACE @ FERRYMANS CROSSING,seville place @ ferrymans crossing,CCITY,53.35125905,-6.242030216,SCATS Site
856,GUILD ST @ SHERIFF ST,guild st @ sheriff st,CCITY,53.35053347,-6.240965391,SCATS Site
857,COOLOCK LANE PEDESTRIAN CROSSING,coolock lane pedestrian crossing,WCITY1,53.39719483,-6.233126521,SCATS Site
858,OSCAR TRAYNOR RD @ LARCH HILL ESTATE,oscar traynor rd @ larch hill estate,WCITY1,53.3977605,-6.2269591,SCATS Site
859,HOLE IN THE WALL ROAD @ CLONGRIFFEN ROAD,hole in the wall road @ clongriffen road,NCITY,53.402661,-6.162534,SCATS Site
860,MAYOR STREET @ COMMONS STREET,mayor street @ commons street,DCC1,53.34939735,-6.245839442,SCATS Site
861,MAYOR STREET @ GUILD STREET,mayor street @ guild street,CCITY,53.3490603,-6.240951298,SCATS Site
862,MAYOR STREET @ NATIONAL CONFERENCE CENTRE,mayor street @ national conference centre,DCC1,53.34889765,-6.238774959,SCATS Site
863,MAYOR STREET @ SPENCER DOCK WEST,mayor street @ spencer dock west,DCC1,53.34883901,-6.237783794,SCATS Site
864,MAYOR STREET @ SPENCER DOCK EAST,mayor street @ spencer dock east,DCC1,53.34878187,-6.236484842,SCATS Site
865,MAYOR STREET @ NEW WAPPING ST,mayor street @ new wapping st,DCC1,53.34870419,-6.235304389,SCATS Site
866,MAYOR STREET @ CASTLEFORBES RD,mayor street @ castleforbes rd,DCC1,53.34848893,-6.232032712,SCATS Site
867,MAYOR STREET @ THE POINT,mayor street @ the point,DCC1,53.34821967,-6.229872971,SCATS Site
868,SIR JOHN ROGERSONS QUAY @ MACKEN ST BRIDGE,sir john rogersons quay @ macken st bridge,CCITY,53.3461935,-6.2408362,SCATS Site
870,MACKEN ST @ HANOVER ST,macken st @ hanover st,CCITY,53.344494,-6.240785,SCATS Site
872,HOLE IN THE WALL ROAD @ FATHER COLLINS PARK,hole in the wall road @ father collins park,NCITY,53.4058837,-6.1630263,SCATS Site
873,NORTH WALL QUAY @ SPENCER DOCK,north wall quay @ spencer dock,CCITY,53.34740649,-6.238067497,SCATS Site
874,CLONSHAUGH RD PEDESTRIAN CROSSING,clonshaugh rd pedestrian crossing,NCITY,53.40741754,-6.215429635,SCATS Site
875,MALAHIDE ROAD @ BELMAYNE,malahide road @ belmayne,NCITY,53.40653831,-6.177218556,SCATS Site
876,MAIN ST CHAPELIZOD,main st chapelizod,WCITY1,53.34910591,-6.34386685,SCATS Site
877,KYLEMORE RD @ CANAL BRIDGE,kylemore rd @ canal bridge,WCITY1,53.33205627,-6.346399636,SCATS Site
878,BALBUTCHER LANE SOUTH/CARRIG RD,balbutcher lane south/carrig rd,NCITY,53.39955845,-6.27600378,SCATS Site
879,NORTH KING ST@RED COW LANE PED,north king st@red cow lane ped,NULL,53.349755,-6.277562,Signal Site
880,RAHENY RD @ BELMONT PARK,raheny rd @ belmont park,NULL,53.3852,-6.175073,Signal Site
882,BAGGOT ST @ HERBERT PLACE,baggot st @ herbert place,SCITY,53.3344147,-6.245635833,SCATS Site
883,CHARLEMONT ST @ CHARLEMONT MALL,charlemont st @ charlemont mall,SCITY,53.330591,-6.260314,SCATS Site
884,NCR @ MARLBOROUGH RD,ncr @ marlborough rd,NULL,53.355094,-6.293402,Signal Site
885,ECCLES ST @ THE HOSPITAL,eccles st @ the hospital,NULL,53.358562,-6.26723,Signal Site
886,HARMONSTOWN RD / SPRINGDALE RD,harmonstown rd / springdale rd,NCITY,53.383868,-6.183591,SCATS Site
888,CLARE HALL AVE EAST OF MALAHIDE ROAD,clare hall ave east of malahide road,NCITY,53.4022901,-6.1764758,SCATS Site
889,CLARE HALL BELMAYNE WEST OF ROUNDABOUT,clare hall belmayne west of roundabout,NCITY,53.4016729,-6.1712525,SCATS Site
890,GRANGE ROAD @ HOLE IN THE WALL RDB EAST & SOUTH,grange road @ hole in the wall rdb east & south,NCITY,53.3981722,-6.161157,SCATS Site
891,CEDAR BROOK AVE / BARNEVILLE WALK,cedar brook ave / barneville walk,SCITY,53.3356713,-6.3802203,SCATS Site
892,CLANBRASIL ST @ LOMBARD ST WEST,clanbrasil st @ lombard st west,SCITY,53.33391929,-6.2749169,SCATS Site
893,SIR JOHN ROGERSONS QUAY @ FORBES ST,sir john rogersons quay @ forbes st,CCITY,53.34595293,-6.237992362,SCATS Site
894,JAMES'S WALK @ REUBEN ST,james's walk @ reuben st,NULL,53.338241,-6.293221,Signal Site
895,KEVIN ST UPPER PEDESTRIAN,kevin st upper pedestrian,SCITY,53.33867237,-6.271995891,SCATS Site
896,CASTLE AVE @ VERNON AVE,castle ave @ vernon ave,NULL,53.370145,-6.2030014,Signal Site
897,NORTH WALL QUAY @ NEW WAPPING ST,north wall quay @ new wapping st,CCITY,53.34726984,-6.23554635,SCATS Site
898,NORTH WALL QUAY @ THE POINT DEPOT,north wall quay @ the point depot,DCC1,53.34687582,-6.230093819,SCATS Site
899,SANTRY AVE / NORTHWOOD,santry ave / northwood,NCITY,53.4002683,-6.2578403,SCATS Site
900,SANTRY AVE @ ALDI,santry ave @ aldi,NCITY,53.398908,-6.250929,SCATS Site
901,SANTRY AVE @ HEITON BUCKLEY,santry ave @ heiton buckley,NCITY,53.39777504,-6.24676364,SCATS Site
902,NCR @ NEW HOSPITAL ENTRANCE,ncr @ new hospital entrance,NCITY,53.3602205,-6.265651,SCATS Site
904,EAST WALL RD @ CHURCH RD,east wall rd @ church rd,NCITY,53.35688453,-6.2318516,SCATS Site
905,RATOATH RD @ TOLKA VALLEY CYCLE PARK,ratoath rd @ tolka valley cycle park,NULL,53.379054,-6.314165,Signal Site
906,DRUMCONDRA RD @ ST PATRICKS COLLEGE / SKYLON HOTEL,drumcondra rd @ st patricks college / skylon hotel,NCITY,53.37220112,-6.252867882,SCATS Site
908,BURGH QUAY / MARLBOROUGH ST,burgh quay / marlborough st,CCITY,53.34734186,-6.257279905,SCATS Site
909,THOMAS ST WEST @ CRANE STREET ,thomas st west @ crane street ,NULL,53.34335666,-6.282957929,SCATS Site
910,EMMET RD @ VINCENT ST WEST,emmet rd @ vincent st west,WCITY1,53.3397065,-6.3181054,SCATS Site
911,KILDARE ST @ MOLESWORTH ST,kildare st @ molesworth st,CCITY,53.34080624,-6.255313964,SCATS Site
912,RATOATH RD @ DRUMCLIFFE RD,ratoath rd @ drumcliffe rd,NULL,53.364189,-6.299197,Signal Site
913,RATOATH RD @ ST CATHERINES,ratoath rd @ st catherines,NCITY,53.370437,-6.306274878,SCATS Site
914,OSCAR TRAYNOR @ BARRYSCOURT ROAD,oscar traynor @ barryscourt road,NCITY,53.3944578,-6.2132561,SCATS Site
915,BEAUMONT ROAD @ BEAUMONT GROVE,beaumont road @ beaumont grove,NCITY,53.3843106,-6.2361099,SCATS Site
916,FASSAUGH ROAD @ CONNAUGHT ST,fassaugh road @ connaught st,NCITY,53.3636101,-6.281448571,SCATS Site
917,SWORDS ROAD / MAGENTA CRESCENT,swords road / magenta crescent,NCITY,53.39506041,-6.245358339,SCATS Site
918,GRIFFITH AVE@ EDUCATE TOGETHER SCHOOL,griffith ave@ educate together school,NCITY,53.3791466,-6.2697465,SCATS Site
919,DAWSON ST / MOLEWORTH ST PED,dawson st / moleworth st ped,CCITY,53.34099019,-6.258308675,SCATS Site
920,DAWSON ST / DUKE ST PED,dawson st / duke st ped,CCITY,53.34177899,-6.258081961,SCATS Site
921,WESTMORELAND ST / FLEET ST,westmoreland st / fleet st,CCITY,53.345857,-6.259118,SCATS Site
922,O'CONNELL ST / SAVOY PED,o'connell st / savoy ped,CCITY,53.35122248,-6.260881599,SCATS Site
923,MARLBOROUGH ST / PARNELL ST,marlborough st / parnell st,CCITY,53.35336987,-6.259660073,SCATS Site
924,MARLBOROUGH ST / TALBOT ST,marlborough st / talbot st,CCITY,53.3501151,-6.2584238,SCATS Site
925,PARNELL ST / DOMINIC ST,parnell st / dominic st,CCITY,53.35087364,-6.264865487,SCATS Site
926,"NORTH CIRCULAR ROAD, PED","north circular road, ped",NCITY,53.35975712,-6.27852258,SCATS Site
927,CABRA RD PED,cabra rd ped,NCITY,53.36090012,-6.279289924,SCATS Site
928,CONSTITUTION HILL @ PREBAND STREET,constitution hill @ preband street,NCITY,53.35348228,-6.272998577,SCATS Site
929,PREBEND ST/ BUS EIREANN BUS GARAGE,prebend st/ bus eireann bus garage,NCITY,53.35365554,-6.274313851,SCATS Site
930,CHAPELIZOD BYPASS @ KYLEMORE RD,chapelizod bypass @ kylemore rd,WCITY1,53.35022459,-6.355119205,SCATS Site
931,COLLINS AVENUE EAST @ KILLESTER COLLEGE,collins avenue east @ killester college,WCITY1,53.371392,-6.20727,SCATS Site
932,BOLTON STREET@HENRIETTA STREET,bolton street@henrietta street,NCITY,53.35237199,-6.268940064,SCATS Site
933,SOUTH CIRCULAR ROAD @ DUFFERIN (MOSQUE),south circular road @ dufferin (mosque),SCITY,53.3311197,-6.2814447,SCATS Site
934,HOWTH ROAD @ ALL SAINTS ROAD,howth road @ all saints road,DCC1,53.376608,-6.190334,SCATS Site
935,SHERIFF STREET UPPER @ NEW ROAD,sheriff street upper @ new road,CCITY,53.349874,-6.229636,SCATS Site
936,BACHELORS WALK BUS GATE,bachelors walk bus gate,CCITY,53.347106,-6.261071,SCATS Site
937,CLONTARF ROAD @ ST. ANNES PARK @ THE POND,clontarf road @ st. annes park @ the pond,NCITY,53.37132,-6.16682,SCATS Site
938,BALBUTCHER LANE @ SHANGAN ROAD,balbutcher lane @ shangan road,IRE,53.39740718,-6.266421565,SCATS Site
939,GRANGE ROAD @ HOLE IN THE WALL RDB WEST,grange road @ hole in the wall rdb west,NCITY,53.39909506,-6.16222271,SCATS Site
940,MOREHAMPTON ROAD @ DONNYBROOK FAIR,morehampton road @ donnybrook fair,SCITY,53.3242753,-6.2399135,SCATS Site
941,HANOVER STREET EAST @ CREIGHTON STREET,hanover street east @ creighton street,CCITY,53.34529929,-6.246349529,SCATS Site
943,STILLORGAN ROAD / RTE,stillorgan road / rte,SCITY,53.314991,-6.22605,SCATS Site
944,STILLORGAN ROAD / RTE PED,stillorgan road / rte ped,SCITY,53.31598865,-6.227857213,SCATS Site
945,CRUMLIN VILLAGE @ WINDMILL ROAD,crumlin village @ windmill road,WCITY1,53.3204572,-6.31609585,SCATS Site
946,CLONTARF ROAD @ DOLLYMOUNT AVE,clontarf road @ dollymount ave,NCITY,53.3645453,-6.1765215,SCATS Site
947,BALBUTCHER LANE @ POPPINTREE,balbutcher lane @ poppintree,NCITY,53.403,-6.27386,SCATS Site
948,RATOATH ROAD @ FASSAUGH AVENUE,ratoath road @ fassaugh avenue,NCITY,53.3671289,-6.3021912,SCATS Site
949,RIVER RD @ ASHTOWN,river rd @ ashtown,DCC1,53.3774724,-6.332771,SCATS Site
950,SYBIL HILL @ ST ANNES PARK,sybil hill @ st annes park,NCITY,53.37215173,-6.19418771,SCATS Site
951,KYLEMORE ROAD @ KYLEMORE COLLEGE,kylemore road @ kylemore college,WCITY1,53.3450729,-6.350855,SCATS Site
952,TONLEGEE ROAD ST MONICAS,tonlegee road st monicas,NCITY,53.3909995,-6.1748542,SCATS Site
953,BALBUTCHER LANE @ HAMPTON WOOD,balbutcher lane @ hampton wood,NCITY,53.40352,-6.28213,SCATS Site
954,KIMMAGE ROAD / RAVENSDALE PARK,kimmage road / ravensdale park,SCITY,53.313895,-6.297176,SCATS Site
955,BELYMAYNE @ BELLYMAYNE EDUCATED TOGETHER SCHOOL,belymayne @ bellymayne educated together school,NCITY,53.40287,-6.17049,Signal Site
956,GRANGEGORMAN @ MARNE VILLA PED REST IN RED,grangegorman @ marne villa ped rest in red,CCITY,53.355832,-6.278219,SCATS Site
957,"BROOMBRIDGE SHUTTLE, ROYAL CANAL CYCLE WAY","broombridge shuttle, royal canal cycle way",NCITY,53.3731085,-6.2998074,SCATS Site
958,GRANGEGORMAN @ ST BRENDANS WAY,grangegorman @ st brendans way,NCITY,53.354989,-6.278435,SCATS Site
959,SANDYMOUNT GREEN @ CLAREMOUNT ROAD,sandymount green @ claremount road,SCITY,53.332108,-6.215835,SCATS Site
960,SANDYMOUNT GREEN @ EAST SIDE SHOPS,sandymount green @ east side shops,SCITY,53.339982,-6.236487,SCATS Site
961,PORT TUNNEL - METERING RAMP,port tunnel - metering ramp,DCC1,53.4071622,-6.2284142,SCATS Site
962,DOLPHINS BARN STREET RUEBEN STREET,dolphins barn street rueben street,SCITY,53.334028,-6.290622,SCATS Site
963,BARROW ST @ GOOGLE (SHUTTLE),barrow st @ google (shuttle),SCITY,53.33929,-6.23658,SCATS Site
964,NORTH CIRCULAR ROAD @ TUD,north circular road @ tud,WCITY1,53.3575192,-6.286843,SCATS Site
965,HOLE IN THE WALL / MARSFIELD BELMAYNE ,hole in the wall / marsfield belmayne ,DCC1,53.40815,-6.16195,SCATS Site
968,BRIDE ST @ BRIDE RD,bride st @ bride rd,SCITY,53.341474,-6.270088,SCATS Site
974,BLACKHORSE AVE @ NEPHIN RD,blackhorse ave @ nephin rd,WCITY1,53.362728,-6.311709,SCATS Site
1002,HEUSTON STATION ACCESS (LUAS),heuston station access (luas),CCITY,53.347053,-6.291793,SCATS Site
